l1,net_value,tokens,option_test,option_test,option_test,option_test,option_test,price,price
l2,,ETH,net_value,balance,premium,delta,gamma,ETH,USD
2024-05-11 00:00:00,29139.015,0.0,10.0,10.0,0.0,0.0,0.0,2913.902,1.0
2024-05-11 01:00:00,29164.577,0.0,10.0,10.0,0.0,0.0,0.0,2916.458,1.0
2024-05-11 02:00:00,29176.697,0.0,10.0,10.0,0.0,0.0,0.0,2917.67,1.0
2024-05-11 03:00:00,29105.591,0.0,10.0,10.0,0.0,0.0,0.0,2910.559,1.0
2024-05-11 04:00:00,29134.058,0.0,10.0,10.0,0.0,0.0,0.0,2913.406,1.0
2024-05-11 05:00:00,29181.413,0.0,10.0,10.0,0.0,0.0,0.0,2918.141,1.0
2024-05-11 06:00:00,29205.745,0.0,10.0,10.0,0.0,0.0,0.0,2920.574,1.0
2024-05-11 07:00:00,29212.5,0.0,10.0,10.0,0.0,0.0,0.0,2921.25,1.0
2024-05-11 08:00:00,29133.116,0.0,10.0,10.0,0.0,0.0,0.0,2913.312,1.0
2024-05-11 09:00:00,29072.887,0.0,10.0,10.0,0.0,0.0,0.0,2907.289,1.0
2024-05-11 10:00:00,29075.4,0.0,10.0,10.0,0.0,0.0,0.0,2907.54,1.0
2024-05-11 11:00:00,29034.45,0.0,10.0,10.0,0.0,0.0,0.0,2903.445,1.0
2024-05-11 12:00:00,29001.074,0.0,10.0,10.0,0.0,0.0,0.0,2900.107,1.0
2024-05-11 13:00:00,29109.704,0.0,10.0,10.0,0.0,0.0,0.0,2910.97,1.0
2024-05-11 14:00:00,29028.136,0.0,10.0,10.0,0.0,0.0,0.0,2902.814,1.0
2024-05-11 15:00:00,29246.809,0.0,10.0,10.0,0.0,0.0,0.0,2924.681,1.0
2024-05-11 16:00:00,29190.865,0.0,10.0,10.0,0.0,0.0,0.0,2919.086,1.0
2024-05-11 17:00:00,29287.064,0.0,10.0,10.0,0.0,0.0,0.0,2928.706,1.0
2024-05-11 18:00:00,29348.183,0.0,10.0,10.0,0.0,0.0,0.0,2934.818,1.0
2024-05-11 19:00:00,29276.982,0.0,10.0,10.0,0.0,0.0,0.0,2927.698,1.0
2024-05-11 20:00:00,29215.902,0.0,10.0,10.0,0.0,0.0,0.0,2921.59,1.0
2024-05-11 21:00:00,29194.386,0.0,10.0,10.0,0.0,0.0,0.0,2919.439,1.0
2024-05-11 22:00:00,29157.661,0.0,10.0,10.0,0.0,0.0,0.0,2915.766,1.0
2024-05-11 23:00:00,29103.316,0.0,10.0,10.0,0.0,0.0,0.0,2910.332,1.0
2024-05-12 00:00:00,29204.497,0.0,10.0,10.0,0.0,0.0,0.0,2920.45,1.0
2024-05-12 01:00:00,29126.156,0.0,10.0,10.0,0.0,0.0,0.0,2912.616,1.0
2024-05-12 02:00:00,29183.231,0.0,10.0,10.0,0.0,0.0,0.0,2918.323,1.0
2024-05-12 03:00:00,29208.991,0.0,10.0,10.0,0.0,0.0,0.0,2920.899,1.0
2024-05-12 04:00:00,29291.08,0.0,10.0,10.0,0.0,0.0,0.0,2929.108,1.0
2024-05-12 05:00:00,29255.284,0.0,10.0,10.0,0.0,0.0,0.0,2925.528,1.0
2024-05-12 06:00:00,29180.988,0.0,10.0,10.0,0.0,0.0,0.0,2918.099,1.0
2024-05-12 07:00:00,29062.5,0.0,10.0,10.0,0.0,0.0,0.0,2906.25,1.0
2024-05-12 08:00:00,29127.978,0.0,10.0,10.0,0.0,0.0,0.0,2912.798,1.0
2024-05-12 09:00:00,29150.604,0.0,10.0,10.0,0.0,0.0,0.0,2915.06,1.0
2024-05-12 10:00:00,29285.63,0.0,10.0,10.0,0.0,0.0,0.0,2928.563,1.0
2024-05-12 11:00:00,29267.57,0.0,10.0,10.0,0.0,0.0,0.0,2926.757,1.0
2024-05-12 12:00:00,29287.827,0.0,10.0,10.0,0.0,0.0,0.0,2928.783,1.0
2024-05-12 13:00:00,29349.873,0.0,10.0,10.0,0.0,0.0,0.0,2934.987,1.0
2024-05-12 14:00:00,29283.034,0.0,10.0,10.0,0.0,0.0,0.0,2928.303,1.0
2024-05-12 15:00:00,29336.338,0.0,10.0,10.0,0.0,0.0,0.0,2933.634,1.0
2024-05-12 16:00:00,29324.335,0.0,10.0,10.0,0.0,0.0,0.0,2932.434,1.0
2024-05-12 17:00:00,29409.733,0.0,10.0,10.0,0.0,0.0,0.0,2940.973,1.0
2024-05-12 18:00:00,29294.026,0.0,10.0,10.0,0.0,0.0,0.0,2929.403,1.0
2024-05-12 19:00:00,29276.167,0.0,10.0,10.0,0.0,0.0,0.0,2927.617,1.0
2024-05-12 20:00:00,29219.551,0.0,10.0,10.0,0.0,0.0,0.0,2921.955,1.0
2024-05-12 21:00:00,29278.993,0.0,10.0,10.0,0.0,0.0,0.0,2927.899,1.0
2024-05-12 22:00:00,29309.255,0.0,10.0,10.0,0.0,0.0,0.0,2930.926,1.0
2024-05-12 23:00:00,29298.196,0.0,10.0,10.0,0.0,0.0,0.0,2929.82,1.0
2024-05-13 00:00:00,29321.748,0.0,10.0,10.0,0.0,0.0,0.0,2932.175,1.0
2024-05-13 01:00:00,29154.493,0.0,10.0,10.0,0.0,0.0,0.0,2915.449,1.0
2024-05-13 02:00:00,28863.653,0.0,10.0,10.0,0.0,0.0,0.0,2886.365,1.0
2024-05-13 03:00:00,28858.835,0.0,10.0,10.0,0.0,0.0,0.0,2885.884,1.0
2024-05-13 04:00:00,28836.262,0.0,10.0,10.0,0.0,0.0,0.0,2883.626,1.0
2024-05-13 05:00:00,28739.892,0.0,10.0,10.0,0.0,0.0,0.0,2873.989,1.0
2024-05-13 06:00:00,29135.999,0.0,10.0,10.0,0.0,0.0,0.0,2913.6,1.0
2024-05-13 07:00:00,29311.8,0.0,10.0,10.0,0.0,0.0,0.0,2931.18,1.0
2024-05-13 08:00:00,29750.198,0.0,10.0,10.0,0.0,0.0,0.0,2975.02,1.0
2024-05-13 09:00:00,29883.405,0.0,10.0,10.0,0.0,0.0,0.0,2988.34,1.0
2024-05-13 10:00:00,29635.026,0.0,10.0,10.0,0.0,0.0,0.0,2963.503,1.0
2024-05-13 11:00:00,29646.307,0.0,10.0,10.0,0.0,0.0,0.0,2964.631,1.0
2024-05-13 12:00:00,29642.555,0.0,10.0,10.0,0.0,0.0,0.0,2964.256,1.0
2024-05-13 13:00:00,29643.334,0.0,10.0,10.0,0.0,0.0,0.0,2964.333,1.0
2024-05-13 14:00:00,29497.772,0.0,10.0,10.0,0.0,0.0,0.0,2949.777,1.0
2024-05-13 15:00:00,29638.293,0.0,10.0,10.0,0.0,0.0,0.0,2963.829,1.0
2024-05-13 16:00:00,29738.427,0.0,10.0,10.0,0.0,0.0,0.0,2973.843,1.0
2024-05-13 17:00:00,29418.092,0.0,10.0,10.0,0.0,0.0,0.0,2941.809,1.0
2024-05-13 18:00:00,29405.07,0.0,10.0,10.0,0.0,0.0,0.0,2940.507,1.0
2024-05-13 19:00:00,29542.684,0.0,10.0,10.0,0.0,0.0,0.0,2954.268,1.0
2024-05-13 20:00:00,29531.909,0.0,10.0,10.0,0.0,0.0,0.0,2953.191,1.0
2024-05-13 21:00:00,29482.224,0.0,10.0,10.0,0.0,0.0,0.0,2948.222,1.0
2024-05-13 22:00:00,29419.36,0.0,10.0,10.0,0.0,0.0,0.0,2941.936,1.0
2024-05-13 23:00:00,29489.836,0.0,10.0,10.0,0.0,0.0,0.0,2948.984,1.0
2024-05-14 00:00:00,29457.381,0.0,10.0,10.0,0.0,0.0,0.0,2945.738,1.0
2024-05-14 01:00:00,29421.346,0.0,10.0,10.0,0.0,0.0,0.0,2942.135,1.0
2024-05-14 02:00:00,29508.145,0.0,10.0,10.0,0.0,0.0,0.0,2950.814,1.0
2024-05-14 03:00:00,29408.651,0.0,10.0,10.0,0.0,0.0,0.0,2940.865,1.0
2024-05-14 04:00:00,29359.834,0.0,10.0,10.0,0.0,0.0,0.0,2935.983,1.0
2024-05-14 05:00:00,29410.642,0.0,10.0,10.0,0.0,0.0,0.0,2941.064,1.0
2024-05-14 06:00:00,29161.897,0.0,10.0,10.0,0.0,0.0,0.0,2916.19,1.0
2024-05-14 07:00:00,29152.2,0.0,10.0,10.0,0.0,0.0,0.0,2915.22,1.0
2024-05-14 08:00:00,29148.728,0.0,10.0,10.0,0.0,0.0,0.0,2914.873,1.0
2024-05-14 09:00:00,29100.343,0.0,10.0,10.0,0.0,0.0,0.0,2910.034,1.0
2024-05-14 10:00:00,29039.034,0.0,10.0,10.0,0.0,0.0,0.0,2903.903,1.0
2024-05-14 11:00:00,29060.665,0.0,10.0,10.0,0.0,0.0,0.0,2906.066,1.0
2024-05-14 12:00:00,28966.63,0.0,10.0,10.0,0.0,0.0,0.0,2896.663,1.0
2024-05-14 13:00:00,29010.614,0.0,10.0,10.0,0.0,0.0,0.0,2901.061,1.0
2024-05-14 14:00:00,28891.585,0.0,10.0,10.0,0.0,0.0,0.0,2889.158,1.0
2024-05-14 15:00:00,28995.589,0.0,10.0,10.0,0.0,0.0,0.0,2899.559,1.0
2024-05-14 16:00:00,28886.225,0.0,10.0,10.0,0.0,0.0,0.0,2888.622,1.0
2024-05-14 17:00:00,28754.254,0.0,10.0,10.0,0.0,0.0,0.0,2875.425,1.0
2024-05-14 18:00:00,28856.107,0.0,10.0,10.0,0.0,0.0,0.0,2885.611,1.0
2024-05-14 19:00:00,28913.334,0.0,10.0,10.0,0.0,0.0,0.0,2891.333,1.0
2024-05-14 20:00:00,28914.895,0.0,10.0,10.0,0.0,0.0,0.0,2891.49,1.0
2024-05-14 21:00:00,28938.537,0.0,10.0,10.0,0.0,0.0,0.0,2893.854,1.0
2024-05-15 22:00:00,30156.822,0.0,10.0,10.0,0.0,0.0,0.0,3015.682,1.0
2024-05-15 23:00:00,30372.53,0.0,10.0,10.0,0.0,0.0,0.0,3037.253,1.0
2024-05-16 00:00:00,30225.195,0.0,10.0,10.0,0.0,0.0,0.0,3022.52,1.0
2024-05-16 01:00:00,30157.596,0.0,10.0,10.0,0.0,0.0,0.0,3015.76,1.0
2024-05-16 02:00:00,30075.461,0.0,10.0,10.0,0.0,0.0,0.0,3007.546,1.0
2024-05-16 03:00:00,30158.756,0.0,10.0,10.0,0.0,0.0,0.0,3015.876,1.0
2024-05-16 04:00:00,30082.968,0.0,10.0,10.0,0.0,0.0,0.0,3008.297,1.0
2024-05-16 05:00:00,30096.701,0.0,10.0,10.0,0.0,0.0,0.0,3009.67,1.0
2024-05-16 06:00:00,30153.592,0.0,10.0,10.0,0.0,0.0,0.0,3015.359,1.0
2024-05-16 07:00:00,30168.8,0.0,10.0,10.0,0.0,0.0,0.0,3016.88,1.0
2024-05-16 08:00:00,30123.2,0.0,10.0,10.0,0.0,0.0,0.0,3012.32,1.0
2024-05-16 09:00:00,30080.3,0.0,10.0,10.0,0.0,0.0,0.0,3008.03,1.0
2024-05-16 10:00:00,29989.6,0.0,10.0,10.0,0.0,0.0,0.0,2998.96,1.0
2024-05-16 11:00:00,30072.0,0.0,10.0,10.0,0.0,0.0,0.0,3007.2,1.0
2024-05-16 12:00:00,29814.5,0.0,10.0,10.0,0.0,0.0,0.0,2981.45,1.0
2024-05-16 13:00:00,29837.6,0.0,10.0,10.0,0.0,0.0,0.0,2983.76,1.0
2024-05-16 14:00:00,29441.4,0.0,10.0,10.0,0.0,0.0,0.0,2944.14,1.0
2024-05-16 15:00:00,29576.2,0.0,10.0,10.0,0.0,0.0,0.0,2957.62,1.0
2024-05-16 16:00:00,29488.3,0.0,10.0,10.0,0.0,0.0,0.0,2948.83,1.0
2024-05-16 17:00:00,29495.8,0.0,10.0,10.0,0.0,0.0,0.0,2949.58,1.0
2024-05-16 18:00:00,29496.4,0.0,10.0,10.0,0.0,0.0,0.0,2949.64,1.0
2024-05-16 19:00:00,29471.3,0.0,10.0,10.0,0.0,0.0,0.0,2947.13,1.0
2024-05-16 20:00:00,29365.0,0.0,10.0,10.0,0.0,0.0,0.0,2936.5,1.0
2024-05-16 21:00:00,29402.6,0.0,10.0,10.0,0.0,0.0,0.0,2940.26,1.0
2024-05-16 22:00:00,29393.0,0.0,10.0,10.0,0.0,0.0,0.0,2939.3,1.0
2024-05-16 23:00:00,29434.3,0.0,10.0,10.0,0.0,0.0,0.0,2943.43,1.0
2024-05-17 00:00:00,29491.5,0.0,10.0,10.0,0.0,0.0,0.0,2949.15,1.0
2024-05-17 01:00:00,29441.6,0.0,10.0,10.0,0.0,0.0,0.0,2944.16,1.0
2024-05-17 02:00:00,29512.1,0.0,10.0,10.0,0.0,0.0,0.0,2951.21,1.0
2024-05-17 03:00:00,29494.6,0.0,10.0,10.0,0.0,0.0,0.0,2949.46,1.0
2024-05-17 04:00:00,29477.0,0.0,10.0,10.0,0.0,0.0,0.0,2947.7,1.0
2024-05-17 05:00:00,29440.4,0.0,10.0,10.0,0.0,0.0,0.0,2944.04,1.0
2024-05-17 06:00:00,29653.4,0.0,10.0,10.0,0.0,0.0,0.0,2965.34,1.0
2024-05-17 07:00:00,30239.5,0.0,10.0,10.0,0.0,0.0,0.0,3023.95,1.0
2024-05-17 08:00:00,30311.36,0.0,10.0,10.0,0.0,0.0,0.0,3031.136,1.0
2024-05-17 09:00:00,30303.414,0.0,10.0,10.0,0.0,0.0,0.0,3030.341,1.0
2024-05-17 10:00:00,30365.617,0.0,10.0,10.0,0.0,0.0,0.0,3036.562,1.0
2024-05-17 11:00:00,30315.095,0.0,10.0,10.0,0.0,0.0,0.0,3031.51,1.0
2024-05-17 12:00:00,30802.88,0.0,10.0,10.0,0.0,0.0,0.0,3080.288,1.0
2024-05-17 13:00:00,30567.593,0.0,10.0,10.0,0.0,0.0,0.0,3056.759,1.0
2024-05-17 14:00:00,30894.173,0.0,10.0,10.0,0.0,0.0,0.0,3089.417,1.0
2024-05-17 15:00:00,31159.467,0.0,10.0,10.0,0.0,0.0,0.0,3115.947,1.0
2024-05-17 16:00:00,30984.695,0.0,10.0,10.0,0.0,0.0,0.0,3098.47,1.0
2024-05-17 17:00:00,30872.852,0.0,10.0,10.0,0.0,0.0,0.0,3087.285,1.0
2024-05-17 18:00:00,30888.708,0.0,10.0,10.0,0.0,0.0,0.0,3088.871,1.0
2024-05-17 19:00:00,30856.622,0.0,10.0,10.0,0.0,0.0,0.0,3085.662,1.0
2024-05-17 20:00:00,30920.911,0.0,10.0,10.0,0.0,0.0,0.0,3092.091,1.0
2024-05-17 21:00:00,30894.532,0.0,10.0,10.0,0.0,0.0,0.0,3089.453,1.0
2024-05-17 22:00:00,30935.102,0.0,10.0,10.0,0.0,0.0,0.0,3093.51,1.0
2024-05-17 23:00:00,30943.222,0.0,10.0,10.0,0.0,0.0,0.0,3094.322,1.0
2024-05-18 00:00:00,30997.039,0.0,10.0,10.0,0.0,0.0,0.0,3099.704,1.0
2024-05-18 01:00:00,31011.419,0.0,10.0,10.0,0.0,0.0,0.0,3101.142,1.0
2024-05-18 02:00:00,30997.625,0.0,10.0,10.0,0.0,0.0,0.0,3099.762,1.0
2024-05-18 03:00:00,31157.119,0.0,10.0,10.0,0.0,0.0,0.0,3115.712,1.0
2024-05-18 04:00:00,31040.973,0.0,10.0,10.0,0.0,0.0,0.0,3104.097,1.0
2024-05-18 05:00:00,30980.919,0.0,10.0,10.0,0.0,0.0,0.0,3098.092,1.0
2024-05-18 06:00:00,31000.992,0.0,10.0,10.0,0.0,0.0,0.0,3100.099,1.0
2024-05-18 07:00:00,31041.9,0.0,10.0,10.0,0.0,0.0,0.0,3104.19,1.0
2024-05-18 08:00:00,31196.206,0.0,10.0,10.0,0.0,0.0,0.0,3119.621,1.0
2024-05-18 09:00:00,31261.153,0.0,10.0,10.0,0.0,0.0,0.0,3126.115,1.0
2024-05-18 10:00:00,31408.866,0.0,10.0,10.0,0.0,0.0,0.0,3140.887,1.0
2024-05-18 11:00:00,31380.104,0.0,10.0,10.0,0.0,0.0,0.0,3138.01,1.0
2024-05-18 12:00:00,31214.591,0.0,10.0,10.0,0.0,0.0,0.0,3121.459,1.0
2024-05-18 13:00:00,31119.723,0.0,10.0,10.0,0.0,0.0,0.0,3111.972,1.0
2024-05-18 14:00:00,31058.728,0.0,10.0,10.0,0.0,0.0,0.0,3105.873,1.0
2024-05-18 15:00:00,31127.482,0.0,10.0,10.0,0.0,0.0,0.0,3112.748,1.0
2024-05-18 16:00:00,31112.706,0.0,10.0,10.0,0.0,0.0,0.0,3111.271,1.0
2024-05-18 17:00:00,31143.151,0.0,10.0,10.0,0.0,0.0,0.0,3114.315,1.0
2024-05-18 18:00:00,31141.127,0.0,10.0,10.0,0.0,0.0,0.0,3114.113,1.0
2024-05-18 19:00:00,31213.537,0.0,10.0,10.0,0.0,0.0,0.0,3121.354,1.0
2024-05-18 20:00:00,31237.06,0.0,10.0,10.0,0.0,0.0,0.0,3123.706,1.0
2024-05-18 21:00:00,31178.353,0.0,10.0,10.0,0.0,0.0,0.0,3117.835,1.0
2024-05-19 21:00:00,30693.114,0.0,10.0,10.0,0.0,0.0,0.0,3069.311,1.0
2024-05-19 22:00:00,30771.065,0.0,10.0,10.0,0.0,0.0,0.0,3077.106,1.0
2024-05-19 23:00:00,30732.91,0.0,10.0,10.0,0.0,0.0,0.0,3073.291,1.0
2024-05-20 00:00:00,30823.441,0.0,10.0,10.0,0.0,0.0,0.0,3082.344,1.0
2024-05-20 01:00:00,30778.637,0.0,10.0,10.0,0.0,0.0,0.0,3077.864,1.0
2024-05-20 02:00:00,30914.023,0.0,10.0,10.0,0.0,0.0,0.0,3091.402,1.0
2024-05-20 03:00:00,30869.676,0.0,10.0,10.0,0.0,0.0,0.0,3086.968,1.0
2024-05-20 04:00:00,31235.954,0.0,10.0,10.0,0.0,0.0,0.0,3123.595,1.0
2024-05-20 05:00:00,31247.421,0.0,10.0,10.0,0.0,0.0,0.0,3124.742,1.0
2024-05-20 06:00:00,30691.006,0.0,10.0,10.0,0.0,0.0,0.0,3069.101,1.0
2024-05-20 07:00:00,30929.8,0.0,10.0,10.0,0.0,0.0,0.0,3092.98,1.0
2024-05-20 08:00:00,31013.998,0.0,10.0,10.0,0.0,0.0,0.0,3101.4,1.0
2024-05-20 09:00:00,30996.399,0.0,10.0,10.0,0.0,0.0,0.0,3099.64,1.0
2024-05-20 10:00:00,31083.01,0.0,10.0,10.0,0.0,0.0,0.0,3108.301,1.0
2024-05-20 11:00:00,30948.735,0.0,10.0,10.0,0.0,0.0,0.0,3094.874,1.0
2024-05-20 12:00:00,30875.466,0.0,10.0,10.0,0.0,0.0,0.0,3087.547,1.0
2024-05-20 13:00:00,30956.615,0.0,10.0,10.0,0.0,0.0,0.0,3095.662,1.0
2024-05-20 14:00:00,30881.674,0.0,10.0,10.0,0.0,0.0,0.0,3088.167,1.0
2024-05-20 15:00:00,31199.179,0.0,10.0,10.0,0.0,0.0,0.0,3119.918,1.0
2024-05-20 16:00:00,31349.418,0.0,10.0,10.0,0.0,0.0,0.0,3134.942,1.0
2024-05-20 17:00:00,31408.4,0.0,10.0,10.0,0.0,0.0,0.0,3140.84,1.0
2024-05-20 18:00:00,31510.482,0.0,10.0,10.0,0.0,0.0,0.0,3151.048,1.0
2024-05-20 19:00:00,34446.249,0.0,10.0,10.0,0.0,0.0,0.0,3444.625,1.0
2024-05-20 20:00:00,35038.381,0.0,10.0,10.0,0.0,0.0,0.0,3503.838,1.0
2024-05-20 21:00:00,36215.529,0.0,10.0,10.0,0.0,0.0,0.0,3621.553,1.0
2024-05-20 22:00:00,36145.628,0.0,10.0,10.0,0.0,0.0,0.0,3614.563,1.0
2024-05-20 23:00:00,36598.425,0.0,10.0,10.0,0.0,0.0,0.0,3659.842,1.0
2024-05-21 00:00:00,36880.967,0.0,10.0,10.0,0.0,0.0,0.0,3688.097,1.0
2024-05-21 01:00:00,36849.606,0.0,10.0,10.0,0.0,0.0,0.0,3684.961,1.0
2024-05-21 02:00:00,36789.199,0.0,10.0,10.0,0.0,0.0,0.0,3678.92,1.0
2024-05-21 03:00:00,37029.037,0.0,10.0,10.0,0.0,0.0,0.0,3702.904,1.0
2024-05-21 04:00:00,36608.049,0.0,10.0,10.0,0.0,0.0,0.0,3660.805,1.0
2024-05-21 05:00:00,36482.124,0.0,10.0,10.0,0.0,0.0,0.0,3648.212,1.0
2024-05-21 06:00:00,36676.71,0.0,10.0,10.0,0.0,0.0,0.0,3667.671,1.0
2024-05-21 07:00:00,36658.6,0.0,10.0,10.0,0.0,0.0,0.0,3665.86,1.0
2024-05-21 08:00:00,36593.006,0.0,10.0,10.0,0.0,0.0,0.0,3659.301,1.0
2024-05-21 09:00:00,36788.844,0.0,10.0,10.0,0.0,0.0,0.0,3678.884,1.0
2024-05-21 10:00:00,37127.904,0.0,10.0,10.0,0.0,0.0,0.0,3712.79,1.0
2024-05-21 11:00:00,37797.883,0.0,10.0,10.0,0.0,0.0,0.0,3779.788,1.0
2024-05-21 12:00:00,37969.237,0.0,10.0,10.0,0.0,0.0,0.0,3796.924,1.0
2024-05-21 13:00:00,37649.893,0.0,10.0,10.0,0.0,0.0,0.0,3764.989,1.0
2024-05-21 14:00:00,37752.964,0.0,10.0,10.0,0.0,0.0,0.0,3775.296,1.0
2024-05-21 15:00:00,37787.226,0.0,10.0,10.0,0.0,0.0,0.0,3778.723,1.0
2024-05-21 16:00:00,37756.356,0.0,10.0,10.0,0.0,0.0,0.0,3775.636,1.0
2024-05-21 17:00:00,37462.91,0.0,10.0,10.0,0.0,0.0,0.0,3746.291,1.0
2024-05-21 18:00:00,37283.286,0.0,10.0,10.0,0.0,0.0,0.0,3728.329,1.0
2024-05-21 19:00:00,37162.01,0.0,10.0,10.0,0.0,0.0,0.0,3716.201,1.0
2024-05-21 20:00:00,37476.529,0.0,10.0,10.0,0.0,0.0,0.0,3747.653,1.0
2024-05-21 21:00:00,37465.676,0.0,10.0,10.0,0.0,0.0,0.0,3746.568,1.0
2024-05-21 22:00:00,38183.444,0.0,10.0,10.0,0.0,0.0,0.0,3818.344,1.0
2024-05-21 23:00:00,37876.36,0.0,10.0,10.0,0.0,0.0,0.0,3787.636,1.0
2024-05-22 00:00:00,37841.423,0.0,10.0,10.0,0.0,0.0,0.0,3784.142,1.0
2024-05-22 01:00:00,37858.433,0.0,10.0,10.0,0.0,0.0,0.0,3785.843,1.0
2024-05-22 02:00:00,37936.921,0.0,10.0,10.0,0.0,0.0,0.0,3793.692,1.0
2024-05-22 03:00:00,37942.956,0.0,10.0,10.0,0.0,0.0,0.0,3794.296,1.0
2024-05-22 04:00:00,37476.451,0.0,10.0,10.0,0.0,0.0,0.0,3747.645,1.0
2024-05-22 05:00:00,37555.222,0.0,10.0,10.0,0.0,0.0,0.0,3755.522,1.0
2024-05-22 06:00:00,37614.669,0.0,10.0,10.0,0.0,0.0,0.0,3761.467,1.0
2024-05-22 07:00:00,37496.9,0.0,10.0,10.0,0.0,0.0,0.0,3749.69,1.0
2024-05-22 08:00:00,37694.319,0.0,10.0,10.0,0.0,0.0,0.0,3769.432,1.0
2024-05-22 09:00:00,37371.248,0.0,10.0,10.0,0.0,0.0,0.0,3737.125,1.0
2024-05-22 10:00:00,37428.339,0.0,10.0,10.0,0.0,0.0,0.0,3742.834,1.0
2024-05-22 11:00:00,37104.489,0.0,10.0,10.0,0.0,0.0,0.0,3710.449,1.0
2024-05-22 12:00:00,36689.151,0.0,10.0,10.0,0.0,0.0,0.0,3668.915,1.0
2024-05-22 13:00:00,36793.16,0.0,10.0,10.0,0.0,0.0,0.0,3679.316,1.0
2024-05-22 14:00:00,37492.959,0.0,10.0,10.0,0.0,0.0,0.0,3749.296,1.0
2024-05-22 15:00:00,37605.766,0.0,10.0,10.0,0.0,0.0,0.0,3760.577,1.0
2024-05-22 16:00:00,37620.107,0.0,10.0,10.0,0.0,0.0,0.0,3762.011,1.0
2024-05-22 17:00:00,37400.207,0.0,10.0,10.0,0.0,0.0,0.0,3740.021,1.0
2024-05-22 18:00:00,37332.585,0.0,10.0,10.0,0.0,0.0,0.0,3733.258,1.0
2024-05-22 19:00:00,37423.946,0.0,10.0,10.0,0.0,0.0,0.0,3742.395,1.0
2024-05-22 20:00:00,37468.542,0.0,10.0,10.0,0.0,0.0,0.0,3746.854,1.0
2024-05-22 21:00:00,37726.793,0.0,10.0,10.0,0.0,0.0,0.0,3772.679,1.0
2024-05-22 22:00:00,37413.369,0.0,10.0,10.0,0.0,0.0,0.0,3741.337,1.0
2024-05-22 23:00:00,37396.336,0.0,10.0,10.0,0.0,0.0,0.0,3739.634,1.0
2024-05-23 00:00:00,37615.19,0.0,10.0,10.0,0.0,0.0,0.0,3761.519,1.0
2024-05-23 01:00:00,37585.234,0.0,10.0,10.0,0.0,0.0,0.0,3758.523,1.0
2024-05-23 02:00:00,37661.572,0.0,10.0,10.0,0.0,0.0,0.0,3766.157,1.0
2024-05-23 03:00:00,37822.336,0.0,10.0,10.0,0.0,0.0,0.0,3782.234,1.0
2024-05-23 04:00:00,37909.734,0.0,10.0,10.0,0.0,0.0,0.0,3790.973,1.0
2024-05-23 05:00:00,37632.934,0.0,10.0,10.0,0.0,0.0,0.0,3763.293,1.0
2024-05-23 06:00:00,37853.293,0.0,10.0,10.0,0.0,0.0,0.0,3785.329,1.0
2024-05-23 07:00:00,38116.5,0.0,10.0,10.0,0.0,0.0,0.0,3811.65,1.0
2024-05-23 08:00:00,38461.85,0.0,10.0,10.0,0.0,0.0,0.0,3846.185,1.0
2024-05-23 09:00:00,38390.15,0.0,10.0,10.0,0.0,0.0,0.0,3839.015,1.0
2024-05-23 10:00:00,38726.75,0.0,10.0,10.0,0.0,0.0,0.0,3872.675,1.0
2024-05-23 11:00:00,39579.65,0.0,10.0,10.0,0.0,0.0,0.0,3957.965,1.0
2024-05-23 12:00:00,38859.45,0.0,10.0,10.0,0.0,0.0,0.0,3885.945,1.0
2024-05-23 13:00:00,38229.25,0.0,10.0,10.0,0.0,0.0,0.0,3822.925,1.0
2024-05-23 14:00:00,37924.9,0.0,10.0,10.0,0.0,0.0,0.0,3792.49,1.0
2024-05-23 15:00:00,38571.8,0.0,10.0,10.0,0.0,0.0,0.0,3857.18,1.0
2024-05-23 16:00:00,38276.95,0.0,10.0,10.0,0.0,0.0,0.0,3827.695,1.0
2024-05-23 17:00:00,38211.0,0.0,10.0,10.0,0.0,0.0,0.0,3821.1,1.0
2024-05-23 18:00:00,38188.45,0.0,10.0,10.0,0.0,0.0,0.0,3818.845,1.0
2024-05-23 19:00:00,38241.0,0.0,10.0,10.0,0.0,0.0,0.0,3824.1,1.0
2024-05-23 20:00:00,37969.5,0.0,10.0,10.0,0.0,0.0,0.0,3796.95,1.0
2024-05-23 21:00:00,38800.0,0.0,10.0,10.0,0.0,0.0,0.0,3880.0,1.0
2024-05-23 22:00:00,38402.4,0.0,10.0,10.0,0.0,0.0,0.0,3840.24,1.0
2024-05-23 23:00:00,38115.85,0.0,10.0,10.0,0.0,0.0,0.0,3811.585,1.0
2024-05-24 00:00:00,38514.4,0.0,10.0,10.0,0.0,0.0,0.0,3851.44,1.0
2024-05-24 01:00:00,38456.4,0.0,10.0,10.0,0.0,0.0,0.0,3845.64,1.0
2024-05-24 02:00:00,38591.65,0.0,10.0,10.0,0.0,0.0,0.0,3859.165,1.0
2024-05-24 03:00:00,38372.8,0.0,10.0,10.0,0.0,0.0,0.0,3837.28,1.0
2024-05-24 04:00:00,38381.15,0.0,10.0,10.0,0.0,0.0,0.0,3838.115,1.0
2024-05-24 05:00:00,37588.6,0.0,10.0,10.0,0.0,0.0,0.0,3758.86,1.0
2024-05-24 06:00:00,37129.2,0.0,10.0,10.0,0.0,0.0,0.0,3712.92,1.0
2024-05-24 07:00:00,37031.8,0.0,10.0,10.0,0.0,0.0,0.0,3703.18,1.0
2024-05-24 08:00:00,37074.15,0.0,10.0,10.0,0.0,0.0,0.0,3707.415,1.0
2024-05-24 09:00:00,37184.05,0.0,10.0,10.0,0.0,0.0,0.0,3718.405,1.0
2024-05-24 10:00:00,37268.5,0.0,10.0,10.0,0.0,0.0,0.0,3726.85,1.0
2024-05-24 11:00:00,37421.05,0.0,10.0,10.0,0.0,0.0,0.0,3742.105,1.0
2024-05-24 12:00:00,37468.467,0.0,10.0,10.0,0.0,0.0,0.0,3746.847,1.0
2024-05-24 13:00:00,37147.333,0.0,10.0,10.0,0.0,0.0,0.0,3714.733,1.0
2024-05-24 14:00:00,37375.0,0.0,10.0,10.0,0.0,0.0,0.0,3737.5,1.0
2024-05-24 15:00:00,37258.967,0.0,10.0,10.0,0.0,0.0,0.0,3725.897,1.0
2024-05-24 16:00:00,36914.667,0.0,10.0,10.0,0.0,0.0,0.0,3691.467,1.0
2024-05-24 17:00:00,37386.633,0.0,10.0,10.0,0.0,0.0,0.0,3738.663,1.0
2024-05-24 18:00:00,37632.867,0.0,10.0,10.0,0.0,0.0,0.0,3763.287,1.0
2024-05-24 19:00:00,37720.933,0.0,10.0,10.0,0.0,0.0,0.0,3772.093,1.0
2024-05-24 20:00:00,37638.9,0.0,10.0,10.0,0.0,0.0,0.0,3763.89,1.0
2024-05-24 21:00:00,37637.067,0.0,10.0,10.0,0.0,0.0,0.0,3763.707,1.0
2024-05-24 22:00:00,37657.6,0.0,10.0,10.0,0.0,0.0,0.0,3765.76,1.0
2024-05-24 23:00:00,37556.667,0.0,10.0,10.0,0.0,0.0,0.0,3755.667,1.0
2024-05-25 00:00:00,37406.533,0.0,10.0,10.0,0.0,0.0,0.0,3740.653,1.0
2024-05-25 01:00:00,37467.2,0.0,10.0,10.0,0.0,0.0,0.0,3746.72,1.0
2024-05-25 02:00:00,37554.733,0.0,10.0,10.0,0.0,0.0,0.0,3755.473,1.0
2024-05-25 03:00:00,37709.167,0.0,10.0,10.0,0.0,0.0,0.0,3770.917,1.0
2024-05-25 04:00:00,37962.667,0.0,10.0,10.0,0.0,0.0,0.0,3796.267,1.0
2024-05-25 05:00:00,37785.9,0.0,10.0,10.0,0.0,0.0,0.0,3778.59,1.0
2024-05-25 06:00:00,37742.967,0.0,10.0,10.0,0.0,0.0,0.0,3774.297,1.0
2024-05-25 07:00:00,37730.5,0.0,10.0,10.0,0.0,0.0,0.0,3773.05,1.0
2024-05-25 08:00:00,37708.433,0.0,10.0,10.0,0.0,0.0,0.0,3770.843,1.0
2024-05-25 09:00:00,37825.4,0.0,10.0,10.0,0.0,0.0,0.0,3782.54,1.0
2024-05-25 10:00:00,37960.633,0.0,10.0,10.0,0.0,0.0,0.0,3796.063,1.0
2024-05-25 11:00:00,37700.1,0.0,10.0,10.0,0.0,0.0,0.0,3770.01,1.0
2024-05-25 12:00:00,37673.167,0.0,10.0,10.0,0.0,0.0,0.0,3767.317,1.0
2024-05-25 13:00:00,37613.033,0.0,10.0,10.0,0.0,0.0,0.0,3761.303,1.0
2024-05-25 14:00:00,37765.167,0.0,10.0,10.0,0.0,0.0,0.0,3776.517,1.0
2024-05-25 15:00:00,37699.533,0.0,10.0,10.0,0.0,0.0,0.0,3769.953,1.0
2024-05-25 16:00:00,37765.867,0.0,10.0,10.0,0.0,0.0,0.0,3776.587,1.0
2024-05-25 17:00:00,37653.4,0.0,10.0,10.0,0.0,0.0,0.0,3765.34,1.0
2024-05-25 18:00:00,37823.067,0.0,10.0,10.0,0.0,0.0,0.0,3782.307,1.0
2024-05-25 19:00:00,37830.733,0.0,10.0,10.0,0.0,0.0,0.0,3783.073,1.0
2024-05-25 20:00:00,37723.0,0.0,10.0,10.0,0.0,0.0,0.0,3772.3,1.0
2024-05-25 21:00:00,37692.067,0.0,10.0,10.0,0.0,0.0,0.0,3769.207,1.0
2024-05-25 22:00:00,37627.233,0.0,10.0,10.0,0.0,0.0,0.0,3762.723,1.0
2024-05-25 23:00:00,37744.767,0.0,10.0,10.0,0.0,0.0,0.0,3774.477,1.0
2024-05-26 00:00:00,37726.833,0.0,10.0,10.0,0.0,0.0,0.0,3772.683,1.0
2024-05-26 01:00:00,37832.7,0.0,10.0,10.0,0.0,0.0,0.0,3783.27,1.0
2024-05-26 02:00:00,37622.867,0.0,10.0,10.0,0.0,0.0,0.0,3762.287,1.0
2024-05-26 03:00:00,37947.7,0.0,10.0,10.0,0.0,0.0,0.0,3794.77,1.0
2024-05-26 04:00:00,37740.733,0.0,10.0,10.0,0.0,0.0,0.0,3774.073,1.0
2024-05-26 05:00:00,37863.7,0.0,10.0,10.0,0.0,0.0,0.0,3786.37,1.0
2024-05-26 06:00:00,37846.1,0.0,10.0,10.0,0.0,0.0,0.0,3784.61,1.0
2024-05-26 07:00:00,38152.567,0.0,10.0,10.0,0.0,0.0,0.0,3815.257,1.0
2024-05-26 08:00:00,38176.833,0.0,10.0,10.0,0.0,0.0,0.0,3817.683,1.0
2024-05-26 09:00:00,38227.4,0.0,10.0,10.0,0.0,0.0,0.0,3822.74,1.0
2024-05-26 10:00:00,38337.767,0.0,10.0,10.0,0.0,0.0,0.0,3833.777,1.0
2024-05-26 11:00:00,38326.367,0.0,10.0,10.0,0.0,0.0,0.0,3832.637,1.0
2024-05-26 12:00:00,38339.9,0.0,10.0,10.0,0.0,0.0,0.0,3833.99,1.0
2024-05-26 13:00:00,38321.667,0.0,10.0,10.0,0.0,0.0,0.0,3832.167,1.0
2024-05-26 14:00:00,38817.6,0.0,10.0,10.0,0.0,0.0,0.0,3881.76,1.0
2024-05-26 15:00:00,38591.8,0.0,10.0,10.0,0.0,0.0,0.0,3859.18,1.0
2024-05-26 16:00:00,38968.767,0.0,10.0,10.0,0.0,0.0,0.0,3896.877,1.0
2024-05-26 17:00:00,38743.533,0.0,10.0,10.0,0.0,0.0,0.0,3874.353,1.0
2024-05-26 18:00:00,38757.233,0.0,10.0,10.0,0.0,0.0,0.0,3875.723,1.0
2024-05-26 19:00:00,39060.3,0.0,10.0,10.0,0.0,0.0,0.0,3906.03,1.0
2024-05-26 20:00:00,38926.1,0.0,10.0,10.0,0.0,0.0,0.0,3892.61,1.0
2024-05-26 21:00:00,38773.6,0.0,10.0,10.0,0.0,0.0,0.0,3877.36,1.0
2024-05-26 22:00:00,38671.667,0.0,10.0,10.0,0.0,0.0,0.0,3867.167,1.0
2024-05-26 23:00:00,38568.033,0.0,10.0,10.0,0.0,0.0,0.0,3856.803,1.0
2024-05-27 00:00:00,38719.567,0.0,10.0,10.0,0.0,0.0,0.0,3871.957,1.0
2024-05-27 01:00:00,39152.033,0.0,10.0,10.0,0.0,0.0,0.0,3915.203,1.0
2024-05-27 02:00:00,39481.067,0.0,10.0,10.0,0.0,0.0,0.0,3948.107,1.0
2024-05-27 03:00:00,39475.1,0.0,10.0,10.0,0.0,0.0,0.0,3947.51,1.0
2024-05-27 04:00:00,39530.9,0.0,10.0,10.0,0.0,0.0,0.0,3953.09,1.0
2024-05-27 05:00:00,39352.133,0.0,10.0,10.0,0.0,0.0,0.0,3935.213,1.0
2024-05-27 06:00:00,39212.3,0.0,10.0,10.0,0.0,0.0,0.0,3921.23,1.0
2024-05-27 07:00:00,39459.167,0.0,10.0,10.0,0.0,0.0,0.0,3945.917,1.0
2024-05-27 08:00:00,39440.4,0.0,10.0,10.0,0.0,0.0,0.0,3944.04,1.0
2024-05-27 09:00:00,39398.733,0.0,10.0,10.0,0.0,0.0,0.0,3939.873,1.0
2024-05-27 10:00:00,39371.667,0.0,10.0,10.0,0.0,0.0,0.0,3937.167,1.0
2024-05-27 11:00:00,39323.167,0.0,10.0,10.0,0.0,0.0,0.0,3932.317,1.0
2024-05-27 12:00:00,39455.233,0.0,10.0,10.0,0.0,0.0,0.0,3945.523,1.0
2024-05-27 13:00:00,39595.167,0.0,10.0,10.0,0.0,0.0,0.0,3959.517,1.0
2024-05-27 14:00:00,39766.4,0.0,10.0,10.0,0.0,0.0,0.0,3976.64,1.0
2024-05-27 15:00:00,39932.1,0.0,10.0,10.0,0.0,0.0,0.0,3993.21,1.0
2024-05-27 16:00:00,39788.4,0.0,10.0,10.0,0.0,0.0,0.0,3978.84,1.0
2024-05-27 17:00:00,39725.667,0.0,10.0,10.0,0.0,0.0,0.0,3972.567,1.0
2024-05-27 18:00:00,39576.067,0.0,10.0,10.0,0.0,0.0,0.0,3957.607,1.0
2024-05-27 19:00:00,39051.033,0.0,10.0,10.0,0.0,0.0,0.0,3905.103,1.0
2024-05-27 20:00:00,39215.233,0.0,10.0,10.0,0.0,0.0,0.0,3921.523,1.0
2024-05-27 21:00:00,39246.2,0.0,10.0,10.0,0.0,0.0,0.0,3924.62,1.0
2024-05-27 22:00:00,39171.9,0.0,10.0,10.0,0.0,0.0,0.0,3917.19,1.0
2024-05-27 23:00:00,39258.7,0.0,10.0,10.0,0.0,0.0,0.0,3925.87,1.0
2024-05-28 00:00:00,39038.767,0.0,10.0,10.0,0.0,0.0,0.0,3903.877,1.0
2024-05-28 01:00:00,38777.633,0.0,10.0,10.0,0.0,0.0,0.0,3877.763,1.0
2024-05-28 02:00:00,38924.433,0.0,10.0,10.0,0.0,0.0,0.0,3892.443,1.0
2024-05-28 03:00:00,38779.433,0.0,10.0,10.0,0.0,0.0,0.0,3877.943,1.0
2024-05-28 04:00:00,38636.433,0.0,10.0,10.0,0.0,0.0,0.0,3863.643,1.0
2024-05-28 05:00:00,38809.233,0.0,10.0,10.0,0.0,0.0,0.0,3880.923,1.0
2024-05-28 06:00:00,38816.1,0.0,10.0,10.0,0.0,0.0,0.0,3881.61,1.0
2024-05-28 07:00:00,38715.867,0.0,10.0,10.0,0.0,0.0,0.0,3871.587,1.0
2024-05-28 08:00:00,39020.133,0.0,10.0,10.0,0.0,0.0,0.0,3902.013,1.0
2024-05-28 09:00:00,39101.0,0.0,10.0,10.0,0.0,0.0,0.0,3910.1,1.0
2024-05-28 10:00:00,39267.267,0.0,10.0,10.0,0.0,0.0,0.0,3926.727,1.0
2024-05-28 11:00:00,39284.933,0.0,10.0,10.0,0.0,0.0,0.0,3928.493,1.0
2024-05-28 12:00:00,39257.233,0.0,10.0,10.0,0.0,0.0,0.0,3925.723,1.0
2024-05-28 13:00:00,38878.467,0.0,10.0,10.0,0.0,0.0,0.0,3887.847,1.0
2024-05-28 14:00:00,38803.1,0.0,10.0,10.0,0.0,0.0,0.0,3880.31,1.0
2024-05-28 15:00:00,38853.733,0.0,10.0,10.0,0.0,0.0,0.0,3885.373,1.0
2024-05-28 16:00:00,38531.933,0.0,10.0,10.0,0.0,0.0,0.0,3853.193,1.0
2024-05-28 17:00:00,38498.967,0.0,10.0,10.0,0.0,0.0,0.0,3849.897,1.0
2024-05-28 18:00:00,38206.433,0.0,10.0,10.0,0.0,0.0,0.0,3820.643,1.0
2024-05-28 19:00:00,38677.367,0.0,10.0,10.0,0.0,0.0,0.0,3867.737,1.0
2024-05-28 20:00:00,38575.333,0.0,10.0,10.0,0.0,0.0,0.0,3857.533,1.0
2024-05-28 21:00:00,38745.8,0.0,10.0,10.0,0.0,0.0,0.0,3874.58,1.0
2024-05-28 22:00:00,38893.567,0.0,10.0,10.0,0.0,0.0,0.0,3889.357,1.0
2024-05-28 23:00:00,38699.6,0.0,10.0,10.0,0.0,0.0,0.0,3869.96,1.0
2024-05-29 00:00:00,38691.267,0.0,10.0,10.0,0.0,0.0,0.0,3869.127,1.0
2024-05-29 01:00:00,38670.5,0.0,10.0,10.0,0.0,0.0,0.0,3867.05,1.0
2024-05-29 02:00:00,38742.933,0.0,10.0,10.0,0.0,0.0,0.0,3874.293,1.0
2024-05-29 03:00:00,38752.867,0.0,10.0,10.0,0.0,0.0,0.0,3875.287,1.0
2024-05-29 04:00:00,39013.433,0.0,10.0,10.0,0.0,0.0,0.0,3901.343,1.0
2024-05-29 05:00:00,38973.5,0.0,10.0,10.0,0.0,0.0,0.0,3897.35,1.0
2024-05-29 06:00:00,38849.333,0.0,10.0,10.0,0.0,0.0,0.0,3884.933,1.0
2024-05-29 07:00:00,38553.433,0.0,10.0,10.0,0.0,0.0,0.0,3855.343,1.0
2024-05-29 08:00:00,38237.033,0.0,10.0,10.0,0.0,0.0,0.0,3823.703,1.0
2024-05-29 09:00:00,38271.2,0.0,10.0,10.0,0.0,0.0,0.0,3827.12,1.0
2024-05-29 10:00:00,38477.8,0.0,10.0,10.0,0.0,0.0,0.0,3847.78,1.0
2024-05-29 11:00:00,38340.7,0.0,10.0,10.0,0.0,0.0,0.0,3834.07,1.0
2024-05-29 12:00:00,38394.967,0.0,10.0,10.0,0.0,0.0,0.0,3839.497,1.0
2024-05-29 13:00:00,38183.667,0.0,10.0,10.0,0.0,0.0,0.0,3818.367,1.0
2024-05-29 14:00:00,38056.6,0.0,10.0,10.0,0.0,0.0,0.0,3805.66,1.0
2024-05-29 15:00:00,37748.9,0.0,10.0,10.0,0.0,0.0,0.0,3774.89,1.0
2024-05-29 16:00:00,37857.867,0.0,10.0,10.0,0.0,0.0,0.0,3785.787,1.0
2024-05-29 17:00:00,37882.2,0.0,10.0,10.0,0.0,0.0,0.0,3788.22,1.0
2024-05-29 18:00:00,37732.4,0.0,10.0,10.0,0.0,0.0,0.0,3773.24,1.0
2024-05-29 19:00:00,37723.233,0.0,10.0,10.0,0.0,0.0,0.0,3772.323,1.0
2024-05-29 20:00:00,37770.467,0.0,10.0,10.0,0.0,0.0,0.0,3777.047,1.0
2024-05-29 21:00:00,37989.167,0.0,10.0,10.0,0.0,0.0,0.0,3798.917,1.0
2024-05-29 22:00:00,38023.333,0.0,10.0,10.0,0.0,0.0,0.0,3802.333,1.0
2024-05-29 23:00:00,37856.533,0.0,10.0,10.0,0.0,0.0,0.0,3785.653,1.0
2024-05-30 00:00:00,37721.8,0.0,10.0,10.0,0.0,0.0,0.0,3772.18,1.0
2024-05-30 01:00:00,37905.233,0.0,10.0,10.0,0.0,0.0,0.0,3790.523,1.0
2024-05-30 02:00:00,37966.933,0.0,10.0,10.0,0.0,0.0,0.0,3796.693,1.0
2024-05-30 03:00:00,38128.2,0.0,10.0,10.0,0.0,0.0,0.0,3812.82,1.0
2024-05-30 04:00:00,38004.333,0.0,10.0,10.0,0.0,0.0,0.0,3800.433,1.0
2024-05-30 05:00:00,38031.467,0.0,10.0,10.0,0.0,0.0,0.0,3803.147,1.0
2024-05-30 06:00:00,37577.7,0.0,10.0,10.0,0.0,0.0,0.0,3757.77,1.0
2024-05-30 07:00:00,37382.333,0.0,10.0,10.0,0.0,0.0,0.0,3738.233,1.0
2024-05-30 08:00:00,37537.133,0.0,10.0,10.0,0.0,0.0,0.0,3753.713,1.0
2024-05-30 09:00:00,37506.467,0.0,10.0,10.0,0.0,0.0,0.0,3750.647,1.0
2024-05-30 10:00:00,37627.967,0.0,10.0,10.0,0.0,0.0,0.0,3762.797,1.0
2024-05-30 11:00:00,37562.967,0.0,10.0,10.0,0.0,0.0,0.0,3756.297,1.0
2024-05-30 12:00:00,37846.9,0.0,10.0,10.0,0.0,0.0,0.0,3784.69,1.0
2024-05-30 13:00:00,38095.933,0.0,10.0,10.0,0.0,0.0,0.0,3809.593,1.0
2024-05-30 14:00:00,37880.233,0.0,10.0,10.0,0.0,0.0,0.0,3788.023,1.0
2024-05-30 15:00:00,37983.567,0.0,10.0,10.0,0.0,0.0,0.0,3798.357,1.0
2024-05-30 16:00:00,37994.433,0.0,10.0,10.0,0.0,0.0,0.0,3799.443,1.0
2024-05-30 17:00:00,38378.967,0.0,10.0,10.0,0.0,0.0,0.0,3837.897,1.0
2024-05-30 18:00:00,38375.4,0.0,10.0,10.0,0.0,0.0,0.0,3837.54,1.0
2024-05-30 19:00:00,37791.9,0.0,10.0,10.0,0.0,0.0,0.0,3779.19,1.0
2024-05-30 20:00:00,37514.067,0.0,10.0,10.0,0.0,0.0,0.0,3751.407,1.0
2024-05-30 21:00:00,37667.267,0.0,10.0,10.0,0.0,0.0,0.0,3766.727,1.0
2024-05-30 22:00:00,37611.5,0.0,10.0,10.0,0.0,0.0,0.0,3761.15,1.0
2024-05-30 23:00:00,37636.6,0.0,10.0,10.0,0.0,0.0,0.0,3763.66,1.0
2024-05-31 00:00:00,37681.867,0.0,10.0,10.0,0.0,0.0,0.0,3768.187,1.0
2024-05-31 01:00:00,37627.233,0.0,10.0,10.0,0.0,0.0,0.0,3762.723,1.0
2024-05-31 02:00:00,37683.133,0.0,10.0,10.0,0.0,0.0,0.0,3768.313,1.0
2024-05-31 03:00:00,37769.8,0.0,10.0,10.0,0.0,0.0,0.0,3776.98,1.0
2024-05-31 04:00:00,37798.5,0.0,10.0,10.0,0.0,0.0,0.0,3779.85,1.0
2024-05-31 05:00:00,37619.067,0.0,10.0,10.0,0.0,0.0,0.0,3761.907,1.0
2024-05-31 06:00:00,37549.133,0.0,10.0,10.0,0.0,0.0,0.0,3754.913,1.0
2024-05-31 07:00:00,37402.433,0.0,10.0,10.0,0.0,0.0,0.0,3740.243,1.0
2024-05-31 08:00:00,37521.333,0.0,10.0,10.0,0.0,0.0,0.0,3752.133,1.0
2024-05-31 09:00:00,37604.8,0.0,10.0,10.0,0.0,0.0,0.0,3760.48,1.0
2024-05-31 10:00:00,37990.833,0.0,10.0,10.0,0.0,0.0,0.0,3799.083,1.0
2024-05-31 11:00:00,38264.767,0.0,10.0,10.0,0.0,0.0,0.0,3826.477,1.0
2024-05-31 12:00:00,38454.3,0.0,10.0,10.0,0.0,0.0,0.0,3845.43,1.0
2024-05-31 13:00:00,38170.1,0.0,10.0,10.0,0.0,0.0,0.0,3817.01,1.0
2024-05-31 14:00:00,37894.9,0.0,10.0,10.0,0.0,0.0,0.0,3789.49,1.0
2024-05-31 15:00:00,37613.8,0.0,10.0,10.0,0.0,0.0,0.0,3761.38,1.0
2024-05-31 16:00:00,37717.3,0.0,10.0,10.0,0.0,0.0,0.0,3771.73,1.0
2024-05-31 17:00:00,37867.1,0.0,10.0,10.0,0.0,0.0,0.0,3786.71,1.0
2024-05-31 18:00:00,38073.7,0.0,10.0,10.0,0.0,0.0,0.0,3807.37,1.0
2024-05-31 19:00:00,38117.7,0.0,10.0,10.0,0.0,0.0,0.0,3811.77,1.0
2024-05-31 20:00:00,38150.4,0.0,10.0,10.0,0.0,0.0,0.0,3815.04,1.0
2024-05-31 21:00:00,38101.5,0.0,10.0,10.0,0.0,0.0,0.0,3810.15,1.0
2024-05-31 22:00:00,37898.2,0.0,10.0,10.0,0.0,0.0,0.0,3789.82,1.0
2024-05-31 23:00:00,37845.0,0.0,10.0,10.0,0.0,0.0,0.0,3784.5,1.0
2024-06-01 00:00:00,37840.6,0.0,10.0,10.0,0.0,0.0,0.0,3784.06,1.0
2024-06-01 01:00:00,37848.0,0.0,10.0,10.0,0.0,0.0,0.0,3784.8,1.0
2024-06-01 02:00:00,37982.5,0.0,10.0,10.0,0.0,0.0,0.0,3798.25,1.0
2024-06-01 03:00:00,38003.5,0.0,10.0,10.0,0.0,0.0,0.0,3800.35,1.0
2024-06-01 04:00:00,38049.2,0.0,10.0,10.0,0.0,0.0,0.0,3804.92,1.0
2024-06-01 05:00:00,38095.8,0.0,10.0,10.0,0.0,0.0,0.0,3809.58,1.0
2024-06-01 06:00:00,38112.9,0.0,10.0,10.0,0.0,0.0,0.0,3811.29,1.0
2024-06-01 07:00:00,37894.7,0.0,10.0,10.0,0.0,0.0,0.0,3789.47,1.0
2024-06-01 08:00:00,38162.7,0.0,10.0,10.0,0.0,0.0,0.0,3816.27,1.0
2024-06-01 09:00:00,38132.2,0.0,10.0,10.0,0.0,0.0,0.0,3813.22,1.0
2024-06-01 10:00:00,38051.6,0.0,10.0,10.0,0.0,0.0,0.0,3805.16,1.0
2024-06-01 11:00:00,38090.7,0.0,10.0,10.0,0.0,0.0,0.0,3809.07,1.0
2024-06-01 12:00:00,38175.8,0.0,10.0,10.0,0.0,0.0,0.0,3817.58,1.0
2024-06-01 13:00:00,38266.7,0.0,10.0,10.0,0.0,0.0,0.0,3826.67,1.0
2024-06-01 14:00:00,38297.4,0.0,10.0,10.0,0.0,0.0,0.0,3829.74,1.0
2024-06-01 15:00:00,38210.1,0.0,10.0,10.0,0.0,0.0,0.0,3821.01,1.0
2024-06-01 16:00:00,38203.0,0.0,10.0,10.0,0.0,0.0,0.0,3820.3,1.0
2024-06-01 17:00:00,38258.2,0.0,10.0,10.0,0.0,0.0,0.0,3825.82,1.0
2024-06-01 18:00:00,38231.4,0.0,10.0,10.0,0.0,0.0,0.0,3823.14,1.0
2024-06-01 19:00:00,38289.1,0.0,10.0,10.0,0.0,0.0,0.0,3828.91,1.0
2024-06-01 20:00:00,38289.7,0.0,10.0,10.0,0.0,0.0,0.0,3828.97,1.0
2024-06-01 21:00:00,38407.5,0.0,10.0,10.0,0.0,0.0,0.0,3840.75,1.0
2024-06-01 22:00:00,38455.3,0.0,10.0,10.0,0.0,0.0,0.0,3845.53,1.0
2024-06-01 23:00:00,38385.7,0.0,10.0,10.0,0.0,0.0,0.0,3838.57,1.0
2024-06-02 00:00:00,38564.2,0.0,10.0,10.0,0.0,0.0,0.0,3856.42,1.0
2024-06-02 01:00:00,38438.8,0.0,10.0,10.0,0.0,0.0,0.0,3843.88,1.0
2024-06-02 02:00:00,38235.3,0.0,10.0,10.0,0.0,0.0,0.0,3823.53,1.0
2024-06-02 03:00:00,38280.7,0.0,10.0,10.0,0.0,0.0,0.0,3828.07,1.0
2024-06-02 04:00:00,38390.3,0.0,10.0,10.0,0.0,0.0,0.0,3839.03,1.0
2024-06-02 05:00:00,38274.3,0.0,10.0,10.0,0.0,0.0,0.0,3827.43,1.0
2024-06-02 06:00:00,38347.0,0.0,10.0,10.0,0.0,0.0,0.0,3834.7,1.0
2024-06-02 07:00:00,38153.8,0.0,10.0,10.0,0.0,0.0,0.0,3815.38,1.0
2024-06-02 08:00:00,38111.8,0.0,10.0,10.0,0.0,0.0,0.0,3811.18,1.0
2024-06-02 09:00:00,37978.0,0.0,10.0,10.0,0.0,0.0,0.0,3797.8,1.0
2024-06-02 10:00:00,37976.2,0.0,10.0,10.0,0.0,0.0,0.0,3797.62,1.0
2024-06-02 11:00:00,38213.9,0.0,10.0,10.0,0.0,0.0,0.0,3821.39,1.0
2024-06-02 12:00:00,38071.0,0.0,10.0,10.0,0.0,0.0,0.0,3807.1,1.0
2024-06-02 13:00:00,38144.3,0.0,10.0,10.0,0.0,0.0,0.0,3814.43,1.0
2024-06-02 14:00:00,38231.4,0.0,10.0,10.0,0.0,0.0,0.0,3823.14,1.0
2024-06-02 15:00:00,38153.7,0.0,10.0,10.0,0.0,0.0,0.0,3815.37,1.0
2024-06-02 16:00:00,38080.7,0.0,10.0,10.0,0.0,0.0,0.0,3808.07,1.0
2024-06-02 17:00:00,37904.7,0.0,10.0,10.0,0.0,0.0,0.0,3790.47,1.0
2024-06-02 18:00:00,37866.0,0.0,10.0,10.0,0.0,0.0,0.0,3786.6,1.0
2024-06-02 19:00:00,37994.1,0.0,10.0,10.0,0.0,0.0,0.0,3799.41,1.0
2024-06-02 20:00:00,38043.7,0.0,10.0,10.0,0.0,0.0,0.0,3804.37,1.0
2024-06-02 21:00:00,38011.5,0.0,10.0,10.0,0.0,0.0,0.0,3801.15,1.0
2024-06-02 22:00:00,37987.8,0.0,10.0,10.0,0.0,0.0,0.0,3798.78,1.0
2024-06-02 23:00:00,38024.2,0.0,10.0,10.0,0.0,0.0,0.0,3802.42,1.0
2024-06-03 00:00:00,37896.1,0.0,10.0,10.0,0.0,0.0,0.0,3789.61,1.0
2024-06-03 01:00:00,38202.2,0.0,10.0,10.0,0.0,0.0,0.0,3820.22,1.0
2024-06-03 02:00:00,38275.2,0.0,10.0,10.0,0.0,0.0,0.0,3827.52,1.0
2024-06-03 03:00:00,38172.3,0.0,10.0,10.0,0.0,0.0,0.0,3817.23,1.0
2024-06-03 04:00:00,38369.5,0.0,10.0,10.0,0.0,0.0,0.0,3836.95,1.0
2024-06-03 05:00:00,38321.4,0.0,10.0,10.0,0.0,0.0,0.0,3832.14,1.0
2024-06-03 06:00:00,38463.6,0.0,10.0,10.0,0.0,0.0,0.0,3846.36,1.0
2024-06-03 07:00:00,38336.4,0.0,10.0,10.0,0.0,0.0,0.0,3833.64,1.0
2024-06-03 08:00:00,38436.6,0.0,10.0,10.0,0.0,0.0,0.0,3843.66,1.0
2024-06-03 09:00:00,38355.6,0.0,10.0,10.0,0.0,0.0,0.0,3835.56,1.0
2024-06-03 10:00:00,38271.1,0.0,10.0,10.0,0.0,0.0,0.0,3827.11,1.0
2024-06-03 11:00:00,38272.6,0.0,10.0,10.0,0.0,0.0,0.0,3827.26,1.0
2024-06-03 12:00:00,38562.5,0.0,10.0,10.0,0.0,0.0,0.0,3856.25,1.0
2024-06-03 13:00:00,38606.3,0.0,10.0,10.0,0.0,0.0,0.0,3860.63,1.0
2024-06-03 14:00:00,38261.9,0.0,10.0,10.0,0.0,0.0,0.0,3826.19,1.0
2024-06-03 15:00:00,38035.8,0.0,10.0,10.0,0.0,0.0,0.0,3803.58,1.0
2024-06-03 16:00:00,37851.2,0.0,10.0,10.0,0.0,0.0,0.0,3785.12,1.0
2024-06-03 17:00:00,37946.0,0.0,10.0,10.0,0.0,0.0,0.0,3794.6,1.0
2024-06-03 18:00:00,37938.9,0.0,10.0,10.0,0.0,0.0,0.0,3793.89,1.0
2024-06-03 19:00:00,37858.7,0.0,10.0,10.0,0.0,0.0,0.0,3785.87,1.0
2024-06-03 20:00:00,37872.5,0.0,10.0,10.0,0.0,0.0,0.0,3787.25,1.0
2024-06-03 21:00:00,37873.6,0.0,10.0,10.0,0.0,0.0,0.0,3787.36,1.0
2024-06-03 22:00:00,37908.0,0.0,10.0,10.0,0.0,0.0,0.0,3790.8,1.0
2024-06-03 23:00:00,37807.2,0.0,10.0,10.0,0.0,0.0,0.0,3780.72,1.0
2024-06-04 00:00:00,37709.1,0.0,10.0,10.0,0.0,0.0,0.0,3770.91,1.0
2024-06-04 01:00:00,37858.1,0.0,10.0,10.0,0.0,0.0,0.0,3785.81,1.0
2024-06-04 02:00:00,37827.4,0.0,10.0,10.0,0.0,0.0,0.0,3782.74,1.0
2024-06-04 03:00:00,37886.7,0.0,10.0,10.0,0.0,0.0,0.0,3788.67,1.0
2024-06-04 04:00:00,37785.6,0.0,10.0,10.0,0.0,0.0,0.0,3778.56,1.0
2024-06-04 05:00:00,37738.4,0.0,10.0,10.0,0.0,0.0,0.0,3773.84,1.0
2024-06-04 06:00:00,37781.5,0.0,10.0,10.0,0.0,0.0,0.0,3778.15,1.0
2024-06-04 07:00:00,37886.7,0.0,10.0,10.0,0.0,0.0,0.0,3788.67,1.0
2024-06-04 08:00:00,37736.5,0.0,10.0,10.0,0.0,0.0,0.0,3773.65,1.0
2024-06-04 09:00:00,37601.3,0.0,10.0,10.0,0.0,0.0,0.0,3760.13,1.0
2024-06-04 10:00:00,37776.8,0.0,10.0,10.0,0.0,0.0,0.0,3777.68,1.0
2024-06-04 11:00:00,37765.4,0.0,10.0,10.0,0.0,0.0,0.0,3776.54,1.0
2024-06-04 12:00:00,37731.4,0.0,10.0,10.0,0.0,0.0,0.0,3773.14,1.0
2024-06-04 13:00:00,37948.7,0.0,10.0,10.0,0.0,0.0,0.0,3794.87,1.0
2024-06-04 14:00:00,37913.8,0.0,10.0,10.0,0.0,0.0,0.0,3791.38,1.0
2024-06-04 15:00:00,38230.9,0.0,10.0,10.0,0.0,0.0,0.0,3823.09,1.0
2024-06-04 16:00:00,38312.5,0.0,10.0,10.0,0.0,0.0,0.0,3831.25,1.0
2024-06-04 17:00:00,38321.9,0.0,10.0,10.0,0.0,0.0,0.0,3832.19,1.0
2024-06-04 18:00:00,38307.8,0.0,10.0,10.0,0.0,0.0,0.0,3830.78,1.0
2024-06-04 19:00:00,38127.6,0.0,10.0,10.0,0.0,0.0,0.0,3812.76,1.0
2024-06-04 20:00:00,38230.7,0.0,10.0,10.0,0.0,0.0,0.0,3823.07,1.0
2024-06-04 21:00:00,38302.7,0.0,10.0,10.0,0.0,0.0,0.0,3830.27,1.0
2024-06-04 22:00:00,38336.0,0.0,10.0,10.0,0.0,0.0,0.0,3833.6,1.0
2024-06-04 23:00:00,38292.3,0.0,10.0,10.0,0.0,0.0,0.0,3829.23,1.0
2024-06-05 00:00:00,38394.9,0.0,10.0,10.0,0.0,0.0,0.0,3839.49,1.0
2024-06-05 01:00:00,38402.9,0.0,10.0,10.0,0.0,0.0,0.0,3840.29,1.0
2024-06-05 02:00:00,38217.2,0.0,10.0,10.0,0.0,0.0,0.0,3821.72,1.0
2024-06-05 03:00:00,38271.5,0.0,10.0,10.0,0.0,0.0,0.0,3827.15,1.0
2024-06-05 04:00:00,38298.4,0.0,10.0,10.0,0.0,0.0,0.0,3829.84,1.0
2024-06-05 05:00:00,38050.1,0.0,10.0,10.0,0.0,0.0,0.0,3805.01,1.0
2024-06-05 06:00:00,38281.7,0.0,10.0,10.0,0.0,0.0,0.0,3828.17,1.0
2024-06-05 07:00:00,38299.1,0.0,10.0,10.0,0.0,0.0,0.0,3829.91,1.0
2024-06-05 08:00:00,38204.2,0.0,10.0,10.0,0.0,0.0,0.0,3820.42,1.0
2024-06-05 09:00:00,38126.1,0.0,10.0,10.0,0.0,0.0,0.0,3812.61,1.0
2024-06-05 10:00:00,38141.3,0.0,10.0,10.0,0.0,0.0,0.0,3814.13,1.0
2024-06-05 11:00:00,38211.3,0.0,10.0,10.0,0.0,0.0,0.0,3821.13,1.0
2024-06-05 12:00:00,38385.5,0.0,10.0,10.0,0.0,0.0,0.0,3838.55,1.0
2024-06-05 13:00:00,38153.0,0.0,10.0,10.0,0.0,0.0,0.0,3815.3,1.0
2024-06-05 14:00:00,38114.0,0.0,10.0,10.0,0.0,0.0,0.0,3811.4,1.0
2024-06-05 15:00:00,38305.4,0.0,10.0,10.0,0.0,0.0,0.0,3830.54,1.0
2024-06-05 16:00:00,38186.2,0.0,10.0,10.0,0.0,0.0,0.0,3818.62,1.0
2024-06-05 17:00:00,38616.2,0.0,10.0,10.0,0.0,0.0,0.0,3861.62,1.0
2024-06-05 18:00:00,38664.8,0.0,10.0,10.0,0.0,0.0,0.0,3866.48,1.0
2024-06-05 19:00:00,38923.7,0.0,10.0,10.0,0.0,0.0,0.0,3892.37,1.0
2024-06-05 20:00:00,38824.3,0.0,10.0,10.0,0.0,0.0,0.0,3882.43,1.0
2024-06-05 21:00:00,38657.8,0.0,10.0,10.0,0.0,0.0,0.0,3865.78,1.0
2024-06-05 22:00:00,38703.7,0.0,10.0,10.0,0.0,0.0,0.0,3870.37,1.0
2024-06-05 23:00:00,38822.2,0.0,10.0,10.0,0.0,0.0,0.0,3882.22,1.0
2024-06-06 00:00:00,38774.8,0.0,10.0,10.0,0.0,0.0,0.0,3877.48,1.0
2024-06-06 01:00:00,38811.6,0.0,10.0,10.0,0.0,0.0,0.0,3881.16,1.0
2024-06-06 02:00:00,38892.5,0.0,10.0,10.0,0.0,0.0,0.0,3889.25,1.0
2024-06-06 03:00:00,38796.0,0.0,10.0,10.0,0.0,0.0,0.0,3879.6,1.0
2024-06-06 04:00:00,38816.1,0.0,10.0,10.0,0.0,0.0,0.0,3881.61,1.0
2024-06-06 05:00:00,38623.9,0.0,10.0,10.0,0.0,0.0,0.0,3862.39,1.0
2024-06-06 06:00:00,38601.9,0.0,10.0,10.0,0.0,0.0,0.0,3860.19,1.0
2024-06-06 07:00:00,38671.0,0.0,10.0,10.0,0.0,0.0,0.0,3867.1,1.0
2024-06-06 08:00:00,38611.6,0.0,10.0,10.0,0.0,0.0,0.0,3861.16,1.0
2024-06-06 09:00:00,38662.1,0.0,10.0,10.0,0.0,0.0,0.0,3866.21,1.0
2024-06-06 10:00:00,38678.7,0.0,10.0,10.0,0.0,0.0,0.0,3867.87,1.0
2024-06-06 11:00:00,38662.5,0.0,10.0,10.0,0.0,0.0,0.0,3866.25,1.0
2024-06-06 12:00:00,38593.1,0.0,10.0,10.0,0.0,0.0,0.0,3859.31,1.0
2024-06-06 13:00:00,38601.2,0.0,10.0,10.0,0.0,0.0,0.0,3860.12,1.0
2024-06-06 14:00:00,38610.6,0.0,10.0,10.0,0.0,0.0,0.0,3861.06,1.0
2024-06-06 15:00:00,38601.8,0.0,10.0,10.0,0.0,0.0,0.0,3860.18,1.0
2024-06-06 16:00:00,38454.8,0.0,10.0,10.0,0.0,0.0,0.0,3845.48,1.0
2024-06-06 17:00:00,38453.0,0.0,10.0,10.0,0.0,0.0,0.0,3845.3,1.0
2024-06-06 18:00:00,38473.8,0.0,10.0,10.0,0.0,0.0,0.0,3847.38,1.0
2024-06-06 19:00:00,38053.9,0.0,10.0,10.0,0.0,0.0,0.0,3805.39,1.0
2024-06-06 20:00:00,38118.9,0.0,10.0,10.0,0.0,0.0,0.0,3811.89,1.0
2024-06-06 21:00:00,38121.7,0.0,10.0,10.0,0.0,0.0,0.0,3812.17,1.0
2024-06-06 22:00:00,38247.5,0.0,10.0,10.0,0.0,0.0,0.0,3824.75,1.0
2024-06-06 23:00:00,38261.3,0.0,10.0,10.0,0.0,0.0,0.0,3826.13,1.0
2024-06-07 00:00:00,38202.7,0.0,10.0,10.0,0.0,0.0,0.0,3820.27,1.0
2024-06-07 01:00:00,38183.7,0.0,10.0,10.0,0.0,0.0,0.0,3818.37,1.0
2024-06-07 02:00:00,38107.1,0.0,10.0,10.0,0.0,0.0,0.0,3810.71,1.0
2024-06-07 03:00:00,38174.0,0.0,10.0,10.0,0.0,0.0,0.0,3817.4,1.0
2024-06-07 04:00:00,38292.9,0.0,10.0,10.0,0.0,0.0,0.0,3829.29,1.0
2024-06-07 05:00:00,38331.0,0.0,10.0,10.0,0.0,0.0,0.0,3833.1,1.0
2024-06-07 06:00:00,38296.4,0.0,10.0,10.0,0.0,0.0,0.0,3829.64,1.0
2024-06-07 07:00:00,38307.7,0.0,10.0,10.0,0.0,0.0,0.0,3830.77,1.0
2024-06-07 08:00:00,38172.689,0.0,10.0,10.0,0.0,0.0,0.0,3817.269,1.0
2024-06-07 09:00:00,38142.165,0.0,10.0,10.0,0.0,0.0,0.0,3814.216,1.0
2024-06-07 10:00:00,38138.864,0.0,10.0,10.0,0.0,0.0,0.0,3813.886,1.0
2024-06-07 11:00:00,38375.443,0.0,10.0,10.0,0.0,0.0,0.0,3837.544,1.0
2024-06-07 12:00:00,38118.096,0.0,10.0,10.0,0.0,0.0,0.0,3811.81,1.0
2024-06-07 13:00:00,38182.216,0.0,10.0,10.0,0.0,0.0,0.0,3818.222,1.0
2024-06-07 14:00:00,38257.308,0.0,10.0,10.0,0.0,0.0,0.0,3825.731,1.0
2024-06-07 15:00:00,38032.461,0.0,10.0,10.0,0.0,0.0,0.0,3803.246,1.0
2024-06-07 16:00:00,37842.734,0.0,10.0,10.0,0.0,0.0,0.0,3784.273,1.0
2024-06-07 17:00:00,37456.282,0.0,10.0,10.0,0.0,0.0,0.0,3745.628,1.0
2024-06-07 18:00:00,36802.029,0.0,10.0,10.0,0.0,0.0,0.0,3680.203,1.0
2024-06-07 19:00:00,36897.965,0.0,10.0,10.0,0.0,0.0,0.0,3689.796,1.0
2024-06-07 20:00:00,36950.356,0.0,10.0,10.0,0.0,0.0,0.0,3695.036,1.0
2024-06-07 21:00:00,36953.366,0.0,10.0,10.0,0.0,0.0,0.0,3695.337,1.0
2024-06-07 22:00:00,36960.503,0.0,10.0,10.0,0.0,0.0,0.0,3696.05,1.0
2024-06-07 23:00:00,36825.736,0.0,10.0,10.0,0.0,0.0,0.0,3682.574,1.0
2024-06-08 00:00:00,36890.106,0.0,10.0,10.0,0.0,0.0,0.0,3689.011,1.0
2024-06-08 01:00:00,36933.525,0.0,10.0,10.0,0.0,0.0,0.0,3693.352,1.0
2024-06-08 02:00:00,36909.43,0.0,10.0,10.0,0.0,0.0,0.0,3690.943,1.0
2024-06-08 03:00:00,36918.08,0.0,10.0,10.0,0.0,0.0,0.0,3691.808,1.0
2024-06-08 04:00:00,36843.792,0.0,10.0,10.0,0.0,0.0,0.0,3684.379,1.0
2024-06-08 05:00:00,36849.162,0.0,10.0,10.0,0.0,0.0,0.0,3684.916,1.0
2024-06-08 06:00:00,36872.271,0.0,10.0,10.0,0.0,0.0,0.0,3687.227,1.0
2024-06-08 07:00:00,37103.087,0.0,10.0,10.0,0.0,0.0,0.0,3710.309,1.0
2024-06-08 08:00:00,36984.477,0.0,10.0,10.0,0.0,0.0,0.0,3698.448,1.0
2024-06-08 09:00:00,36953.167,0.0,10.0,10.0,0.0,0.0,0.0,3695.317,1.0
2024-06-08 10:00:00,36956.747,0.0,10.0,10.0,0.0,0.0,0.0,3695.675,1.0
2024-06-08 11:00:00,36857.874,0.0,10.0,10.0,0.0,0.0,0.0,3685.787,1.0
2024-06-08 12:00:00,36850.625,0.0,10.0,10.0,0.0,0.0,0.0,3685.062,1.0
2024-06-08 13:00:00,36884.297,0.0,10.0,10.0,0.0,0.0,0.0,3688.43,1.0
2024-06-08 14:00:00,36970.012,0.0,10.0,10.0,0.0,0.0,0.0,3697.001,1.0
2024-06-08 15:00:00,36901.917,0.0,10.0,10.0,0.0,0.0,0.0,3690.192,1.0
2024-06-08 16:00:00,36852.646,0.0,10.0,10.0,0.0,0.0,0.0,3685.265,1.0
2024-06-08 17:00:00,36885.057,0.0,10.0,10.0,0.0,0.0,0.0,3688.506,1.0
2024-06-08 18:00:00,36927.966,0.0,10.0,10.0,0.0,0.0,0.0,3692.797,1.0
2024-06-08 19:00:00,36848.263,0.0,10.0,10.0,0.0,0.0,0.0,3684.826,1.0
2024-06-08 20:00:00,36764.05,0.0,10.0,10.0,0.0,0.0,0.0,3676.405,1.0
2024-06-08 21:00:00,36796.144,0.0,10.0,10.0,0.0,0.0,0.0,3679.614,1.0
2024-06-08 22:00:00,36789.229,0.0,10.0,10.0,0.0,0.0,0.0,3678.923,1.0
2024-06-08 23:00:00,36845.728,0.0,10.0,10.0,0.0,0.0,0.0,3684.573,1.0
2024-06-09 00:00:00,36819.981,0.0,10.0,10.0,0.0,0.0,0.0,3681.998,1.0
2024-06-09 01:00:00,36842.404,0.0,10.0,10.0,0.0,0.0,0.0,3684.24,1.0
2024-06-09 02:00:00,36712.547,0.0,10.0,10.0,0.0,0.0,0.0,3671.255,1.0
2024-06-09 03:00:00,36756.87,0.0,10.0,10.0,0.0,0.0,0.0,3675.687,1.0
2024-06-09 04:00:00,36720.39,0.0,10.0,10.0,0.0,0.0,0.0,3672.039,1.0
2024-06-09 05:00:00,36844.583,0.0,10.0,10.0,0.0,0.0,0.0,3684.458,1.0
2024-06-09 06:00:00,36879.286,0.0,10.0,10.0,0.0,0.0,0.0,3687.929,1.0
2024-06-09 07:00:00,36871.246,0.0,10.0,10.0,0.0,0.0,0.0,3687.125,1.0
2024-06-09 08:00:00,36884.139,0.0,10.0,10.0,0.0,0.0,0.0,3688.414,1.0
2024-06-09 09:00:00,36898.472,0.0,10.0,10.0,0.0,0.0,0.0,3689.847,1.0
2024-06-09 10:00:00,36874.499,0.0,10.0,10.0,0.0,0.0,0.0,3687.45,1.0
2024-06-09 11:00:00,36935.487,0.0,10.0,10.0,0.0,0.0,0.0,3693.549,1.0
2024-06-09 12:00:00,37065.295,0.0,10.0,10.0,0.0,0.0,0.0,3706.53,1.0
2024-06-09 13:00:00,36893.87,0.0,10.0,10.0,0.0,0.0,0.0,3689.387,1.0
2024-06-09 14:00:00,36918.318,0.0,10.0,10.0,0.0,0.0,0.0,3691.832,1.0
2024-06-09 15:00:00,36929.788,0.0,10.0,10.0,0.0,0.0,0.0,3692.979,1.0
2024-06-09 16:00:00,36979.95,0.0,10.0,10.0,0.0,0.0,0.0,3697.995,1.0
2024-06-09 17:00:00,36994.421,0.0,10.0,10.0,0.0,0.0,0.0,3699.442,1.0
2024-06-09 18:00:00,37060.942,0.0,10.0,10.0,0.0,0.0,0.0,3706.094,1.0
2024-06-09 19:00:00,37025.899,0.0,10.0,10.0,0.0,0.0,0.0,3702.59,1.0
2024-06-09 20:00:00,37001.205,0.0,10.0,10.0,0.0,0.0,0.0,3700.12,1.0
2024-06-09 21:00:00,37115.157,0.0,10.0,10.0,0.0,0.0,0.0,3711.516,1.0
2024-06-09 22:00:00,37068.917,0.0,10.0,10.0,0.0,0.0,0.0,3706.892,1.0
2024-06-09 23:00:00,37062.643,0.0,10.0,10.0,0.0,0.0,0.0,3706.264,1.0
2024-06-10 00:00:00,36920.556,0.0,10.0,10.0,0.0,0.0,0.0,3692.056,1.0
2024-06-10 01:00:00,36914.758,0.0,10.0,10.0,0.0,0.0,0.0,3691.476,1.0
2024-06-10 02:00:00,36900.13,0.0,10.0,10.0,0.0,0.0,0.0,3690.013,1.0
2024-06-10 03:00:00,36822.385,0.0,10.0,10.0,0.0,0.0,0.0,3682.238,1.0
2024-06-10 04:00:00,36901.872,0.0,10.0,10.0,0.0,0.0,0.0,3690.187,1.0
2024-06-10 05:00:00,36823.803,0.0,10.0,10.0,0.0,0.0,0.0,3682.38,1.0
2024-06-10 06:00:00,36705.73,0.0,10.0,10.0,0.0,0.0,0.0,3670.573,1.0
2024-06-10 07:00:00,36637.4,0.0,10.0,10.0,0.0,0.0,0.0,3663.74,1.0
2024-06-10 08:00:00,36718.397,0.0,10.0,10.0,0.0,0.0,0.0,3671.84,1.0
2024-06-10 09:00:00,36731.123,0.0,10.0,10.0,0.0,0.0,0.0,3673.112,1.0
2024-06-10 10:00:00,36778.657,0.0,10.0,10.0,0.0,0.0,0.0,3677.866,1.0
2024-06-10 11:00:00,36747.902,0.0,10.0,10.0,0.0,0.0,0.0,3674.79,1.0
2024-06-10 12:00:00,36783.635,0.0,10.0,10.0,0.0,0.0,0.0,3678.364,1.0
2024-06-10 13:00:00,36752.245,0.0,10.0,10.0,0.0,0.0,0.0,3675.224,1.0
2024-06-10 14:00:00,36787.339,0.0,10.0,10.0,0.0,0.0,0.0,3678.734,1.0
2024-06-10 15:00:00,37067.038,0.0,10.0,10.0,0.0,0.0,0.0,3706.704,1.0
2024-06-10 16:00:00,36996.438,0.0,10.0,10.0,0.0,0.0,0.0,3699.644,1.0
2024-06-10 17:00:00,36944.523,0.0,10.0,10.0,0.0,0.0,0.0,3694.452,1.0
2024-06-10 18:00:00,36871.488,0.0,10.0,10.0,0.0,0.0,0.0,3687.149,1.0
2024-06-10 19:00:00,36661.912,0.0,10.0,10.0,0.0,0.0,0.0,3666.191,1.0
2024-06-10 20:00:00,36693.328,0.0,10.0,10.0,0.0,0.0,0.0,3669.333,1.0
2024-06-10 21:00:00,36721.518,0.0,10.0,10.0,0.0,0.0,0.0,3672.152,1.0
2024-06-10 22:00:00,36711.744,0.0,10.0,10.0,0.0,0.0,0.0,3671.174,1.0
2024-06-10 23:00:00,36664.491,0.0,10.0,10.0,0.0,0.0,0.0,3666.449,1.0
2024-06-11 00:00:00,36639.908,0.0,10.0,10.0,0.0,0.0,0.0,3663.991,1.0
2024-06-11 01:00:00,36124.922,0.0,10.0,10.0,0.0,0.0,0.0,3612.492,1.0
2024-06-11 02:00:00,35976.595,0.0,10.0,10.0,0.0,0.0,0.0,3597.66,1.0
2024-06-11 03:00:00,35934.527,0.0,10.0,10.0,0.0,0.0,0.0,3593.453,1.0
2024-06-11 04:00:00,35627.679,0.0,10.0,10.0,0.0,0.0,0.0,3562.768,1.0
2024-06-11 05:00:00,35587.398,0.0,10.0,10.0,0.0,0.0,0.0,3558.74,1.0
2024-06-11 06:00:00,35357.156,0.0,10.0,10.0,0.0,0.0,0.0,3535.716,1.0
2024-06-11 07:00:00,35315.2,0.0,10.0,10.0,0.0,0.0,0.0,3531.52,1.0
2024-06-11 08:00:00,35324.023,0.0,10.0,10.0,0.0,0.0,0.0,3532.402,1.0
2024-06-11 09:00:00,35170.615,0.0,10.0,10.0,0.0,0.0,0.0,3517.062,1.0
2024-06-11 10:00:00,35242.567,0.0,10.0,10.0,0.0,0.0,0.0,3524.257,1.0
2024-06-11 11:00:00,35288.579,0.0,10.0,10.0,0.0,0.0,0.0,3528.858,1.0
2024-06-11 12:00:00,35366.033,0.0,10.0,10.0,0.0,0.0,0.0,3536.603,1.0
2024-06-11 13:00:00,35181.327,0.0,10.0,10.0,0.0,0.0,0.0,3518.133,1.0
2024-06-11 14:00:00,35165.635,0.0,10.0,10.0,0.0,0.0,0.0,3516.564,1.0
2024-06-11 15:00:00,34496.582,0.0,10.0,10.0,0.0,0.0,0.0,3449.658,1.0
2024-06-11 16:00:00,34505.194,0.0,10.0,10.0,0.0,0.0,0.0,3450.519,1.0
2024-06-11 17:00:00,34723.142,0.0,10.0,10.0,0.0,0.0,0.0,3472.314,1.0
2024-06-11 18:00:00,34883.061,0.0,10.0,10.0,0.0,0.0,0.0,3488.306,1.0
2024-06-11 19:00:00,34962.947,0.0,10.0,10.0,0.0,0.0,0.0,3496.295,1.0
2024-06-11 20:00:00,34878.591,0.0,10.0,10.0,0.0,0.0,0.0,3487.859,1.0
2024-06-11 21:00:00,34998.621,0.0,10.0,10.0,0.0,0.0,0.0,3499.862,1.0
2024-06-11 22:00:00,35003.357,0.0,10.0,10.0,0.0,0.0,0.0,3500.336,1.0
2024-06-11 23:00:00,34994.242,0.0,10.0,10.0,0.0,0.0,0.0,3499.424,1.0
2024-06-12 00:00:00,34912.455,0.0,10.0,10.0,0.0,0.0,0.0,3491.246,1.0
2024-06-12 01:00:00,34764.216,0.0,10.0,10.0,0.0,0.0,0.0,3476.422,1.0
2024-06-12 02:00:00,34973.111,0.0,10.0,10.0,0.0,0.0,0.0,3497.311,1.0
2024-06-12 03:00:00,35098.483,0.0,10.0,10.0,0.0,0.0,0.0,3509.848,1.0
2024-06-12 04:00:00,35191.069,0.0,10.0,10.0,0.0,0.0,0.0,3519.107,1.0
2024-06-12 05:00:00,35098.645,0.0,10.0,10.0,0.0,0.0,0.0,3509.864,1.0
2024-06-12 06:00:00,35159.216,0.0,10.0,10.0,0.0,0.0,0.0,3515.922,1.0
2024-06-12 07:00:00,35210.4,0.0,10.0,10.0,0.0,0.0,0.0,3521.04,1.0
2024-06-12 08:00:00,35219.586,0.0,10.0,10.0,0.0,0.0,0.0,3521.959,1.0
2024-06-12 09:00:00,35396.322,0.0,10.0,10.0,0.0,0.0,0.0,3539.632,1.0
2024-06-12 10:00:00,35441.709,0.0,10.0,10.0,0.0,0.0,0.0,3544.171,1.0
2024-06-12 11:00:00,35366.517,0.0,10.0,10.0,0.0,0.0,0.0,3536.652,1.0
2024-06-12 12:00:00,36317.849,0.0,10.0,10.0,0.0,0.0,0.0,3631.785,1.0
2024-06-12 13:00:00,36169.352,0.0,10.0,10.0,0.0,0.0,0.0,3616.935,1.0
2024-06-12 14:00:00,36318.553,0.0,10.0,10.0,0.0,0.0,0.0,3631.855,1.0
2024-06-12 15:00:00,36183.12,0.0,10.0,10.0,0.0,0.0,0.0,3618.312,1.0
2024-06-12 16:00:00,36157.668,0.0,10.0,10.0,0.0,0.0,0.0,3615.767,1.0
2024-06-12 17:00:00,36218.69,0.0,10.0,10.0,0.0,0.0,0.0,3621.869,1.0
2024-06-12 18:00:00,35673.862,0.0,10.0,10.0,0.0,0.0,0.0,3567.386,1.0
2024-06-12 19:00:00,35185.308,0.0,10.0,10.0,0.0,0.0,0.0,3518.531,1.0
2024-06-12 20:00:00,35550.746,0.0,10.0,10.0,0.0,0.0,0.0,3555.075,1.0
2024-06-12 21:00:00,35627.075,0.0,10.0,10.0,0.0,0.0,0.0,3562.708,1.0
2024-06-12 22:00:00,35714.85,0.0,10.0,10.0,0.0,0.0,0.0,3571.485,1.0
2024-06-12 23:00:00,35601.85,0.0,10.0,10.0,0.0,0.0,0.0,3560.185,1.0
2024-06-13 00:00:00,35587.87,0.0,10.0,10.0,0.0,0.0,0.0,3558.787,1.0
2024-06-13 01:00:00,35397.809,0.0,10.0,10.0,0.0,0.0,0.0,3539.781,1.0
2024-06-13 02:00:00,35078.472,0.0,10.0,10.0,0.0,0.0,0.0,3507.847,1.0
2024-06-13 03:00:00,35013.058,0.0,10.0,10.0,0.0,0.0,0.0,3501.306,1.0
2024-06-13 04:00:00,35001.517,0.0,10.0,10.0,0.0,0.0,0.0,3500.152,1.0
2024-06-13 05:00:00,35093.706,0.0,10.0,10.0,0.0,0.0,0.0,3509.371,1.0
2024-06-13 06:00:00,34932.502,0.0,10.0,10.0,0.0,0.0,0.0,3493.25,1.0
2024-06-13 07:00:00,35038.0,0.0,10.0,10.0,0.0,0.0,0.0,3503.8,1.0
2024-06-13 08:00:00,35063.7,0.0,10.0,10.0,0.0,0.0,0.0,3506.37,1.0
2024-06-13 09:00:00,34893.0,0.0,10.0,10.0,0.0,0.0,0.0,3489.3,1.0
2024-06-13 10:00:00,35126.3,0.0,10.0,10.0,0.0,0.0,0.0,3512.63,1.0
2024-06-13 11:00:00,34980.0,0.0,10.0,10.0,0.0,0.0,0.0,3498.0,1.0
2024-06-13 12:00:00,34890.9,0.0,10.0,10.0,0.0,0.0,0.0,3489.09,1.0
2024-06-13 13:00:00,35008.6,0.0,10.0,10.0,0.0,0.0,0.0,3500.86,1.0
2024-06-13 14:00:00,35171.7,0.0,10.0,10.0,0.0,0.0,0.0,3517.17,1.0
2024-06-13 15:00:00,34363.2,0.0,10.0,10.0,0.0,0.0,0.0,3436.32,1.0
2024-06-13 16:00:00,34671.8,0.0,10.0,10.0,0.0,0.0,0.0,3467.18,1.0
2024-06-13 17:00:00,34689.4,0.0,10.0,10.0,0.0,0.0,0.0,3468.94,1.0
2024-06-13 18:00:00,34782.2,0.0,10.0,10.0,0.0,0.0,0.0,3478.22,1.0
2024-06-13 19:00:00,34883.4,0.0,10.0,10.0,0.0,0.0,0.0,3488.34,1.0
2024-06-13 20:00:00,34754.2,0.0,10.0,10.0,0.0,0.0,0.0,3475.42,1.0
2024-06-13 21:00:00,34852.8,0.0,10.0,10.0,0.0,0.0,0.0,3485.28,1.0
2024-06-13 22:00:00,34810.0,0.0,10.0,10.0,0.0,0.0,0.0,3481.0,1.0
2024-06-13 23:00:00,34696.0,0.0,10.0,10.0,0.0,0.0,0.0,3469.6,1.0
2024-06-14 00:00:00,34751.5,0.0,10.0,10.0,0.0,0.0,0.0,3475.15,1.0
2024-06-14 01:00:00,34878.7,0.0,10.0,10.0,0.0,0.0,0.0,3487.87,1.0
2024-06-14 02:00:00,35093.0,0.0,10.0,10.0,0.0,0.0,0.0,3509.3,1.0
2024-06-14 03:00:00,34911.9,0.0,10.0,10.0,0.0,0.0,0.0,3491.19,1.0
2024-06-14 04:00:00,34981.5,0.0,10.0,10.0,0.0,0.0,0.0,3498.15,1.0
2024-06-14 05:00:00,35255.4,0.0,10.0,10.0,0.0,0.0,0.0,3525.54,1.0
2024-06-14 06:00:00,35209.4,0.0,10.0,10.0,0.0,0.0,0.0,3520.94,1.0
2024-06-14 07:00:00,35183.4,0.0,10.0,10.0,0.0,0.0,0.0,3518.34,1.0
2024-06-14 08:00:00,35208.115,0.0,10.0,10.0,0.0,0.0,0.0,3520.812,1.0
2024-06-14 09:00:00,35132.306,0.0,10.0,10.0,0.0,0.0,0.0,3513.231,1.0
2024-06-14 10:00:00,35104.61,0.0,10.0,10.0,0.0,0.0,0.0,3510.461,1.0
2024-06-14 11:00:00,35138.587,0.0,10.0,10.0,0.0,0.0,0.0,3513.859,1.0
2024-06-14 12:00:00,35112.665,0.0,10.0,10.0,0.0,0.0,0.0,3511.266,1.0
2024-06-14 13:00:00,35085.428,0.0,10.0,10.0,0.0,0.0,0.0,3508.543,1.0
2024-06-14 14:00:00,34886.194,0.0,10.0,10.0,0.0,0.0,0.0,3488.619,1.0
2024-06-14 15:00:00,34608.306,0.0,10.0,10.0,0.0,0.0,0.0,3460.831,1.0
2024-06-14 16:00:00,34009.93,0.0,10.0,10.0,0.0,0.0,0.0,3400.993,1.0
2024-06-14 17:00:00,33862.992,0.0,10.0,10.0,0.0,0.0,0.0,3386.299,1.0
2024-06-14 18:00:00,33852.202,0.0,10.0,10.0,0.0,0.0,0.0,3385.22,1.0
2024-06-14 19:00:00,34049.537,0.0,10.0,10.0,0.0,0.0,0.0,3404.954,1.0
2024-06-14 20:00:00,34134.136,0.0,10.0,10.0,0.0,0.0,0.0,3413.414,1.0
2024-06-14 21:00:00,35077.598,0.0,10.0,10.0,0.0,0.0,0.0,3507.76,1.0
2024-06-14 22:00:00,34849.97,0.0,10.0,10.0,0.0,0.0,0.0,3484.997,1.0
2024-06-14 23:00:00,34806.612,0.0,10.0,10.0,0.0,0.0,0.0,3480.661,1.0
2024-06-15 00:00:00,34930.922,0.0,10.0,10.0,0.0,0.0,0.0,3493.092,1.0
2024-06-15 01:00:00,34824.078,0.0,10.0,10.0,0.0,0.0,0.0,3482.408,1.0
2024-06-15 02:00:00,34839.623,0.0,10.0,10.0,0.0,0.0,0.0,3483.962,1.0
2024-06-15 03:00:00,34965.344,0.0,10.0,10.0,0.0,0.0,0.0,3496.534,1.0
2024-06-15 04:00:00,35082.594,0.0,10.0,10.0,0.0,0.0,0.0,3508.259,1.0
2024-06-15 05:00:00,35235.043,0.0,10.0,10.0,0.0,0.0,0.0,3523.504,1.0
2024-06-15 06:00:00,35381.64,0.0,10.0,10.0,0.0,0.0,0.0,3538.164,1.0
2024-06-15 07:00:00,35288.6,0.0,10.0,10.0,0.0,0.0,0.0,3528.86,1.0
2024-06-15 08:00:00,35323.396,0.0,10.0,10.0,0.0,0.0,0.0,3532.34,1.0
2024-06-15 09:00:00,35319.043,0.0,10.0,10.0,0.0,0.0,0.0,3531.904,1.0
2024-06-15 10:00:00,35371.452,0.0,10.0,10.0,0.0,0.0,0.0,3537.145,1.0
2024-06-15 11:00:00,35382.883,0.0,10.0,10.0,0.0,0.0,0.0,3538.288,1.0
2024-06-15 12:00:00,35578.91,0.0,10.0,10.0,0.0,0.0,0.0,3557.891,1.0
2024-06-15 13:00:00,35636.085,0.0,10.0,10.0,0.0,0.0,0.0,3563.608,1.0
2024-06-15 14:00:00,35567.4,0.0,10.0,10.0,0.0,0.0,0.0,3556.74,1.0
2024-06-15 15:00:00,35648.77,0.0,10.0,10.0,0.0,0.0,0.0,3564.877,1.0
2024-06-15 16:00:00,35568.395,0.0,10.0,10.0,0.0,0.0,0.0,3556.84,1.0
2024-06-15 17:00:00,35722.565,0.0,10.0,10.0,0.0,0.0,0.0,3572.256,1.0
2024-06-15 18:00:00,35611.97,0.0,10.0,10.0,0.0,0.0,0.0,3561.197,1.0
2024-06-15 19:00:00,35561.483,0.0,10.0,10.0,0.0,0.0,0.0,3556.148,1.0
2024-06-15 20:00:00,35516.167,0.0,10.0,10.0,0.0,0.0,0.0,3551.617,1.0
2024-06-15 21:00:00,35618.951,0.0,10.0,10.0,0.0,0.0,0.0,3561.895,1.0
2024-06-15 22:00:00,35674.989,0.0,10.0,10.0,0.0,0.0,0.0,3567.499,1.0
2024-06-15 23:00:00,35654.716,0.0,10.0,10.0,0.0,0.0,0.0,3565.472,1.0
2024-06-16 00:00:00,35569.735,0.0,10.0,10.0,0.0,0.0,0.0,3556.974,1.0
2024-06-16 01:00:00,35647.915,0.0,10.0,10.0,0.0,0.0,0.0,3564.792,1.0
2024-06-16 02:00:00,35604.609,0.0,10.0,10.0,0.0,0.0,0.0,3560.461,1.0
2024-06-16 03:00:00,35544.774,0.0,10.0,10.0,0.0,0.0,0.0,3554.477,1.0
2024-06-16 04:00:00,35536.81,0.0,10.0,10.0,0.0,0.0,0.0,3553.681,1.0
2024-06-16 05:00:00,35634.028,0.0,10.0,10.0,0.0,0.0,0.0,3563.403,1.0
2024-06-16 06:00:00,35702.186,0.0,10.0,10.0,0.0,0.0,0.0,3570.219,1.0
2024-06-16 07:00:00,35622.5,0.0,10.0,10.0,0.0,0.0,0.0,3562.25,1.0
2024-06-16 08:00:00,35499.507,0.0,10.0,10.0,0.0,0.0,0.0,3549.951,1.0
2024-06-16 09:00:00,35503.167,0.0,10.0,10.0,0.0,0.0,0.0,3550.317,1.0
2024-06-16 10:00:00,35660.41,0.0,10.0,10.0,0.0,0.0,0.0,3566.041,1.0
2024-06-16 11:00:00,35543.38,0.0,10.0,10.0,0.0,0.0,0.0,3554.338,1.0
2024-06-16 12:00:00,35609.3,0.0,10.0,10.0,0.0,0.0,0.0,3560.93,1.0
2024-06-16 13:00:00,35874.674,0.0,10.0,10.0,0.0,0.0,0.0,3587.467,1.0
2024-06-16 14:00:00,35802.94,0.0,10.0,10.0,0.0,0.0,0.0,3580.294,1.0
2024-06-16 15:00:00,35911.548,0.0,10.0,10.0,0.0,0.0,0.0,3591.155,1.0
2024-06-16 16:00:00,35932.469,0.0,10.0,10.0,0.0,0.0,0.0,3593.247,1.0
2024-06-16 17:00:00,35908.56,0.0,10.0,10.0,0.0,0.0,0.0,3590.856,1.0
2024-06-16 18:00:00,35953.525,0.0,10.0,10.0,0.0,0.0,0.0,3595.352,1.0
2024-06-16 19:00:00,35971.822,0.0,10.0,10.0,0.0,0.0,0.0,3597.182,1.0
2024-06-16 20:00:00,35980.918,0.0,10.0,10.0,0.0,0.0,0.0,3598.092,1.0
2024-06-16 21:00:00,35949.02,0.0,10.0,10.0,0.0,0.0,0.0,3594.902,1.0
2024-06-16 22:00:00,36270.733,0.0,10.0,10.0,0.0,0.0,0.0,3627.073,1.0
2024-06-16 23:00:00,36212.924,0.0,10.0,10.0,0.0,0.0,0.0,3621.292,1.0
2024-06-17 00:00:00,36159.125,0.0,10.0,10.0,0.0,0.0,0.0,3615.912,1.0
2024-06-17 01:00:00,36083.67,0.0,10.0,10.0,0.0,0.0,0.0,3608.367,1.0
2024-06-17 02:00:00,35929.191,0.0,10.0,10.0,0.0,0.0,0.0,3592.919,1.0
2024-06-17 03:00:00,35797.77,0.0,10.0,10.0,0.0,0.0,0.0,3579.777,1.0
2024-06-17 04:00:00,35869.237,0.0,10.0,10.0,0.0,0.0,0.0,3586.924,1.0
2024-06-17 05:00:00,35695.313,0.0,10.0,10.0,0.0,0.0,0.0,3569.531,1.0
2024-06-17 06:00:00,35470.076,0.0,10.0,10.0,0.0,0.0,0.0,3547.008,1.0
2024-06-17 07:00:00,35557.8,0.0,10.0,10.0,0.0,0.0,0.0,3555.78,1.0
2024-06-17 08:00:00,35440.284,0.0,10.0,10.0,0.0,0.0,0.0,3544.028,1.0
2024-06-17 09:00:00,35154.625,0.0,10.0,10.0,0.0,0.0,0.0,3515.462,1.0
2024-06-17 10:00:00,35157.355,0.0,10.0,10.0,0.0,0.0,0.0,3515.736,1.0
2024-06-17 11:00:00,35234.662,0.0,10.0,10.0,0.0,0.0,0.0,3523.466,1.0
2024-06-17 12:00:00,35232.653,0.0,10.0,10.0,0.0,0.0,0.0,3523.265,1.0
2024-06-17 13:00:00,34912.216,0.0,10.0,10.0,0.0,0.0,0.0,3491.222,1.0
2024-06-17 14:00:00,35251.24,0.0,10.0,10.0,0.0,0.0,0.0,3525.124,1.0
2024-06-17 15:00:00,34937.146,0.0,10.0,10.0,0.0,0.0,0.0,3493.715,1.0
2024-06-17 16:00:00,35174.966,0.0,10.0,10.0,0.0,0.0,0.0,3517.497,1.0
2024-06-17 17:00:00,35472.428,0.0,10.0,10.0,0.0,0.0,0.0,3547.243,1.0
2024-06-17 18:00:00,35571.935,0.0,10.0,10.0,0.0,0.0,0.0,3557.194,1.0
2024-06-17 19:00:00,35487.268,0.0,10.0,10.0,0.0,0.0,0.0,3548.727,1.0
2024-06-17 20:00:00,35134.731,0.0,10.0,10.0,0.0,0.0,0.0,3513.473,1.0
2024-06-17 21:00:00,35265.714,0.0,10.0,10.0,0.0,0.0,0.0,3526.571,1.0
2024-06-17 22:00:00,35238.281,0.0,10.0,10.0,0.0,0.0,0.0,3523.828,1.0
2024-06-17 23:00:00,35132.851,0.0,10.0,10.0,0.0,0.0,0.0,3513.285,1.0
2024-06-18 00:00:00,34723.9,0.0,10.0,10.0,0.0,0.0,0.0,3472.39,1.0
2024-06-18 01:00:00,34052.655,0.0,10.0,10.0,0.0,0.0,0.0,3405.266,1.0
2024-06-18 02:00:00,34293.738,0.0,10.0,10.0,0.0,0.0,0.0,3429.374,1.0
2024-06-18 03:00:00,34410.342,0.0,10.0,10.0,0.0,0.0,0.0,3441.034,1.0
2024-06-18 04:00:00,34471.615,0.0,10.0,10.0,0.0,0.0,0.0,3447.162,1.0
2024-06-18 05:00:00,34484.189,0.0,10.0,10.0,0.0,0.0,0.0,3448.419,1.0
2024-06-18 06:00:00,34360.041,0.0,10.0,10.0,0.0,0.0,0.0,3436.004,1.0
2024-06-18 07:00:00,34469.2,0.0,10.0,10.0,0.0,0.0,0.0,3446.92,1.0
2024-06-18 08:00:00,34474.856,0.0,10.0,10.0,0.0,0.0,0.0,3447.486,1.0
2024-06-18 09:00:00,34367.034,0.0,10.0,10.0,0.0,0.0,0.0,3436.703,1.0
2024-06-18 10:00:00,34244.84,0.0,10.0,10.0,0.0,0.0,0.0,3424.484,1.0
2024-06-18 11:00:00,34142.427,0.0,10.0,10.0,0.0,0.0,0.0,3414.243,1.0
2024-06-18 12:00:00,34047.423,0.0,10.0,10.0,0.0,0.0,0.0,3404.742,1.0
2024-06-18 13:00:00,33944.884,0.0,10.0,10.0,0.0,0.0,0.0,3394.488,1.0
2024-06-18 14:00:00,34076.043,0.0,10.0,10.0,0.0,0.0,0.0,3407.604,1.0
2024-06-18 15:00:00,34136.298,0.0,10.0,10.0,0.0,0.0,0.0,3413.63,1.0
2024-06-18 16:00:00,34143.214,0.0,10.0,10.0,0.0,0.0,0.0,3414.321,1.0
2024-06-18 17:00:00,34092.983,0.0,10.0,10.0,0.0,0.0,0.0,3409.298,1.0
2024-06-18 18:00:00,34013.48,0.0,10.0,10.0,0.0,0.0,0.0,3401.348,1.0
2024-06-18 19:00:00,34076.042,0.0,10.0,10.0,0.0,0.0,0.0,3407.604,1.0
2024-06-18 20:00:00,34587.854,0.0,10.0,10.0,0.0,0.0,0.0,3458.785,1.0
2024-06-18 21:00:00,34709.973,0.0,10.0,10.0,0.0,0.0,0.0,3470.997,1.0
2024-06-18 22:00:00,34786.004,0.0,10.0,10.0,0.0,0.0,0.0,3478.6,1.0
2024-06-18 23:00:00,34862.545,0.0,10.0,10.0,0.0,0.0,0.0,3486.254,1.0
2024-06-19 00:00:00,34955.181,0.0,10.0,10.0,0.0,0.0,0.0,3495.518,1.0
2024-06-19 01:00:00,35185.154,0.0,10.0,10.0,0.0,0.0,0.0,3518.515,1.0
2024-06-19 02:00:00,35447.053,0.0,10.0,10.0,0.0,0.0,0.0,3544.705,1.0
2024-06-19 03:00:00,35710.702,0.0,10.0,10.0,0.0,0.0,0.0,3571.07,1.0
2024-06-19 04:00:00,35615.354,0.0,10.0,10.0,0.0,0.0,0.0,3561.535,1.0
2024-06-19 05:00:00,35580.07,0.0,10.0,10.0,0.0,0.0,0.0,3558.007,1.0
2024-06-19 06:00:00,35605.969,0.0,10.0,10.0,0.0,0.0,0.0,3560.597,1.0
2024-06-19 07:00:00,35424.2,0.0,10.0,10.0,0.0,0.0,0.0,3542.42,1.0
2024-06-19 08:00:00,35357.513,0.0,10.0,10.0,0.0,0.0,0.0,3535.751,1.0
2024-06-19 09:00:00,35334.923,0.0,10.0,10.0,0.0,0.0,0.0,3533.492,1.0
2024-06-19 10:00:00,35597.365,0.0,10.0,10.0,0.0,0.0,0.0,3559.736,1.0
2024-06-19 11:00:00,35384.828,0.0,10.0,10.0,0.0,0.0,0.0,3538.483,1.0
2024-06-19 12:00:00,35478.321,0.0,10.0,10.0,0.0,0.0,0.0,3547.832,1.0
2024-06-19 13:00:00,35399.521,0.0,10.0,10.0,0.0,0.0,0.0,3539.952,1.0
2024-06-19 14:00:00,35191.961,0.0,10.0,10.0,0.0,0.0,0.0,3519.196,1.0
2024-06-19 15:00:00,35250.94,0.0,10.0,10.0,0.0,0.0,0.0,3525.094,1.0
2024-06-19 16:00:00,35439.911,0.0,10.0,10.0,0.0,0.0,0.0,3543.991,1.0
2024-06-19 17:00:00,35603.926,0.0,10.0,10.0,0.0,0.0,0.0,3560.393,1.0
2024-06-19 18:00:00,35559.349,0.0,10.0,10.0,0.0,0.0,0.0,3555.935,1.0
2024-06-19 19:00:00,35476.224,0.0,10.0,10.0,0.0,0.0,0.0,3547.622,1.0
2024-06-19 20:00:00,35507.136,0.0,10.0,10.0,0.0,0.0,0.0,3550.714,1.0
2024-06-19 21:00:00,35704.59,0.0,10.0,10.0,0.0,0.0,0.0,3570.459,1.0
2024-06-19 22:00:00,35606.6,0.0,10.0,10.0,0.0,0.0,0.0,3560.66,1.0
2024-06-19 23:00:00,35588.704,0.0,10.0,10.0,0.0,0.0,0.0,3558.87,1.0
2024-06-20 00:00:00,35605.52,0.0,10.0,10.0,0.0,0.0,0.0,3560.552,1.0
2024-06-20 01:00:00,35535.979,0.0,10.0,10.0,0.0,0.0,0.0,3553.598,1.0
2024-06-20 02:00:00,35484.518,0.0,10.0,10.0,0.0,0.0,0.0,3548.452,1.0
2024-06-20 03:00:00,35496.613,0.0,10.0,10.0,0.0,0.0,0.0,3549.661,1.0
2024-06-20 04:00:00,35700.972,0.0,10.0,10.0,0.0,0.0,0.0,3570.097,1.0
2024-06-20 05:00:00,35809.734,0.0,10.0,10.0,0.0,0.0,0.0,3580.973,1.0
2024-06-20 06:00:00,35774.736,0.0,10.0,10.0,0.0,0.0,0.0,3577.474,1.0
2024-06-20 07:00:00,36063.4,0.0,10.0,10.0,0.0,0.0,0.0,3606.34,1.0
2024-06-20 08:00:00,36099.9,0.0,10.0,10.0,0.0,0.0,0.0,3609.99,1.0
2024-06-20 09:00:00,36026.15,0.0,10.0,10.0,0.0,0.0,0.0,3602.615,1.0
2024-06-20 10:00:00,36220.15,0.0,10.0,10.0,0.0,0.0,0.0,3622.015,1.0
2024-06-20 11:00:00,36204.4,0.0,10.0,10.0,0.0,0.0,0.0,3620.44,1.0
2024-06-20 12:00:00,36126.7,0.0,10.0,10.0,0.0,0.0,0.0,3612.67,1.0
2024-06-20 13:00:00,35531.25,0.0,10.0,10.0,0.0,0.0,0.0,3553.125,1.0
2024-06-20 14:00:00,35411.7,0.0,10.0,10.0,0.0,0.0,0.0,3541.17,1.0
2024-06-20 15:00:00,35274.8,0.0,10.0,10.0,0.0,0.0,0.0,3527.48,1.0
2024-06-20 16:00:00,35346.8,0.0,10.0,10.0,0.0,0.0,0.0,3534.68,1.0
2024-06-20 17:00:00,35409.6,0.0,10.0,10.0,0.0,0.0,0.0,3540.96,1.0
2024-06-20 18:00:00,35494.85,0.0,10.0,10.0,0.0,0.0,0.0,3549.485,1.0
2024-06-20 19:00:00,35467.0,0.0,10.0,10.0,0.0,0.0,0.0,3546.7,1.0
2024-06-20 20:00:00,35430.7,0.0,10.0,10.0,0.0,0.0,0.0,3543.07,1.0
2024-06-20 21:00:00,35332.75,0.0,10.0,10.0,0.0,0.0,0.0,3533.275,1.0
2024-06-20 22:00:00,35333.4,0.0,10.0,10.0,0.0,0.0,0.0,3533.34,1.0
2024-06-20 23:00:00,35270.1,0.0,10.0,10.0,0.0,0.0,0.0,3527.01,1.0
2024-06-21 00:00:00,35146.85,0.0,10.0,10.0,0.0,0.0,0.0,3514.685,1.0
2024-06-21 01:00:00,35416.6,0.0,10.0,10.0,0.0,0.0,0.0,3541.66,1.0
2024-06-21 02:00:00,35242.35,0.0,10.0,10.0,0.0,0.0,0.0,3524.235,1.0
2024-06-21 03:00:00,35184.5,0.0,10.0,10.0,0.0,0.0,0.0,3518.45,1.0
2024-06-21 04:00:00,35340.85,0.0,10.0,10.0,0.0,0.0,0.0,3534.085,1.0
2024-06-21 05:00:00,35374.8,0.0,10.0,10.0,0.0,0.0,0.0,3537.48,1.0
2024-06-21 06:00:00,35281.3,0.0,10.0,10.0,0.0,0.0,0.0,3528.13,1.0
2024-06-21 07:00:00,34869.85,0.0,10.0,10.0,0.0,0.0,0.0,3486.985,1.0
2024-06-21 08:00:00,34772.6,0.0,10.0,10.0,0.0,0.0,0.0,3477.26,1.0
2024-06-21 09:00:00,35335.85,0.0,10.0,10.0,0.0,0.0,0.0,3533.585,1.0
2024-06-21 10:00:00,35125.65,0.0,10.0,10.0,0.0,0.0,0.0,3512.565,1.0
2024-06-21 11:00:00,35223.9,0.0,10.0,10.0,0.0,0.0,0.0,3522.39,1.0
2024-06-21 12:00:00,35113.167,0.0,10.0,10.0,0.0,0.0,0.0,3511.317,1.0
2024-06-21 13:00:00,34902.567,0.0,10.0,10.0,0.0,0.0,0.0,3490.257,1.0
2024-06-21 14:00:00,35279.7,0.0,10.0,10.0,0.0,0.0,0.0,3527.97,1.0
2024-06-21 15:00:00,35007.667,0.0,10.0,10.0,0.0,0.0,0.0,3500.767,1.0
2024-06-21 16:00:00,35012.933,0.0,10.0,10.0,0.0,0.0,0.0,3501.293,1.0
2024-06-21 17:00:00,34958.2,0.0,10.0,10.0,0.0,0.0,0.0,3495.82,1.0
2024-06-21 18:00:00,35362.833,0.0,10.0,10.0,0.0,0.0,0.0,3536.283,1.0
2024-06-21 19:00:00,35543.967,0.0,10.0,10.0,0.0,0.0,0.0,3554.397,1.0
2024-06-21 20:00:00,35387.367,0.0,10.0,10.0,0.0,0.0,0.0,3538.737,1.0
2024-06-21 21:00:00,35342.033,0.0,10.0,10.0,0.0,0.0,0.0,3534.203,1.0
2024-06-21 22:00:00,35433.467,0.0,10.0,10.0,0.0,0.0,0.0,3543.347,1.0
2024-06-21 23:00:00,35356.833,0.0,10.0,10.0,0.0,0.0,0.0,3535.683,1.0
2024-06-22 00:00:00,35182.3,0.0,10.0,10.0,0.0,0.0,0.0,3518.23,1.0
2024-06-22 01:00:00,35222.267,0.0,10.0,10.0,0.0,0.0,0.0,3522.227,1.0
2024-06-22 02:00:00,35229.4,0.0,10.0,10.0,0.0,0.0,0.0,3522.94,1.0
2024-06-22 03:00:00,35246.967,0.0,10.0,10.0,0.0,0.0,0.0,3524.697,1.0
2024-06-22 04:00:00,35270.6,0.0,10.0,10.0,0.0,0.0,0.0,3527.06,1.0
2024-06-22 05:00:00,35253.767,0.0,10.0,10.0,0.0,0.0,0.0,3525.377,1.0
2024-06-22 06:00:00,35204.167,0.0,10.0,10.0,0.0,0.0,0.0,3520.417,1.0
2024-06-22 07:00:00,35089.767,0.0,10.0,10.0,0.0,0.0,0.0,3508.977,1.0
2024-06-22 08:00:00,35014.533,0.0,10.0,10.0,0.0,0.0,0.0,3501.453,1.0
2024-06-22 09:00:00,35109.733,0.0,10.0,10.0,0.0,0.0,0.0,3510.973,1.0
2024-06-22 10:00:00,35141.033,0.0,10.0,10.0,0.0,0.0,0.0,3514.103,1.0
2024-06-22 11:00:00,35104.267,0.0,10.0,10.0,0.0,0.0,0.0,3510.427,1.0
2024-06-22 12:00:00,35072.467,0.0,10.0,10.0,0.0,0.0,0.0,3507.247,1.0
2024-06-22 13:00:00,35182.5,0.0,10.0,10.0,0.0,0.0,0.0,3518.25,1.0
2024-06-22 14:00:00,35195.4,0.0,10.0,10.0,0.0,0.0,0.0,3519.54,1.0
2024-06-22 15:00:00,35226.2,0.0,10.0,10.0,0.0,0.0,0.0,3522.62,1.0
2024-06-22 16:00:00,35215.033,0.0,10.0,10.0,0.0,0.0,0.0,3521.503,1.0
2024-06-22 17:00:00,35170.433,0.0,10.0,10.0,0.0,0.0,0.0,3517.043,1.0
2024-06-22 18:00:00,35112.1,0.0,10.0,10.0,0.0,0.0,0.0,3511.21,1.0
2024-06-22 19:00:00,35106.4,0.0,10.0,10.0,0.0,0.0,0.0,3510.64,1.0
2024-06-22 20:00:00,35154.467,0.0,10.0,10.0,0.0,0.0,0.0,3515.447,1.0
2024-06-22 21:00:00,35254.333,0.0,10.0,10.0,0.0,0.0,0.0,3525.433,1.0
2024-06-22 22:00:00,35215.067,0.0,10.0,10.0,0.0,0.0,0.0,3521.507,1.0
2024-06-22 23:00:00,35149.1,0.0,10.0,10.0,0.0,0.0,0.0,3514.91,1.0
2024-06-23 00:00:00,35247.3,0.0,10.0,10.0,0.0,0.0,0.0,3524.73,1.0
2024-06-23 01:00:00,35271.633,0.0,10.0,10.0,0.0,0.0,0.0,3527.163,1.0
2024-06-23 02:00:00,35276.2,0.0,10.0,10.0,0.0,0.0,0.0,3527.62,1.0
2024-06-23 03:00:00,35367.733,0.0,10.0,10.0,0.0,0.0,0.0,3536.773,1.0
2024-06-23 04:00:00,35318.933,0.0,10.0,10.0,0.0,0.0,0.0,3531.893,1.0
2024-06-23 05:00:00,35260.5,0.0,10.0,10.0,0.0,0.0,0.0,3526.05,1.0
2024-06-23 06:00:00,35253.8,0.0,10.0,10.0,0.0,0.0,0.0,3525.38,1.0
2024-06-23 07:00:00,35285.7,0.0,10.0,10.0,0.0,0.0,0.0,3528.57,1.0
2024-06-23 08:00:00,35223.233,0.0,10.0,10.0,0.0,0.0,0.0,3522.323,1.0
2024-06-23 09:00:00,35187.6,0.0,10.0,10.0,0.0,0.0,0.0,3518.76,1.0
2024-06-23 10:00:00,35102.433,0.0,10.0,10.0,0.0,0.0,0.0,3510.243,1.0
2024-06-23 11:00:00,35138.867,0.0,10.0,10.0,0.0,0.0,0.0,3513.887,1.0
2024-06-23 12:00:00,35166.8,0.0,10.0,10.0,0.0,0.0,0.0,3516.68,1.0
2024-06-23 13:00:00,35119.367,0.0,10.0,10.0,0.0,0.0,0.0,3511.937,1.0
2024-06-23 14:00:00,35013.067,0.0,10.0,10.0,0.0,0.0,0.0,3501.307,1.0
2024-06-23 15:00:00,34905.767,0.0,10.0,10.0,0.0,0.0,0.0,3490.577,1.0
2024-06-23 16:00:00,34799.867,0.0,10.0,10.0,0.0,0.0,0.0,3479.987,1.0
2024-06-23 17:00:00,34898.267,0.0,10.0,10.0,0.0,0.0,0.0,3489.827,1.0
2024-06-23 18:00:00,34948.4,0.0,10.0,10.0,0.0,0.0,0.0,3494.84,1.0
2024-06-23 19:00:00,34957.367,0.0,10.0,10.0,0.0,0.0,0.0,3495.737,1.0
2024-06-23 20:00:00,34497.8,0.0,10.0,10.0,0.0,0.0,0.0,3449.78,1.0
2024-06-23 21:00:00,34517.167,0.0,10.0,10.0,0.0,0.0,0.0,3451.717,1.0
2024-06-23 22:00:00,34401.633,0.0,10.0,10.0,0.0,0.0,0.0,3440.163,1.0
2024-06-23 23:00:00,34370.333,0.0,10.0,10.0,0.0,0.0,0.0,3437.033,1.0
2024-06-24 00:00:00,34377.367,0.0,10.0,10.0,0.0,0.0,0.0,3437.737,1.0
2024-06-24 01:00:00,34390.733,0.0,10.0,10.0,0.0,0.0,0.0,3439.073,1.0
2024-06-24 02:00:00,34165.3,0.0,10.0,10.0,0.0,0.0,0.0,3416.53,1.0
2024-06-24 03:00:00,34167.033,0.0,10.0,10.0,0.0,0.0,0.0,3416.703,1.0
2024-06-24 04:00:00,34229.367,0.0,10.0,10.0,0.0,0.0,0.0,3422.937,1.0
2024-06-24 05:00:00,33816.467,0.0,10.0,10.0,0.0,0.0,0.0,3381.647,1.0
2024-06-24 06:00:00,33852.0,0.0,10.0,10.0,0.0,0.0,0.0,3385.2,1.0
2024-06-24 07:00:00,33811.433,0.0,10.0,10.0,0.0,0.0,0.0,3381.143,1.0
2024-06-24 08:00:00,33905.7,0.0,10.0,10.0,0.0,0.0,0.0,3390.57,1.0
2024-06-24 09:00:00,33207.7,0.0,10.0,10.0,0.0,0.0,0.0,3320.77,1.0
2024-06-24 10:00:00,33340.6,0.0,10.0,10.0,0.0,0.0,0.0,3334.06,1.0
2024-06-24 11:00:00,33322.1,0.0,10.0,10.0,0.0,0.0,0.0,3332.21,1.0
2024-06-24 12:00:00,33279.867,0.0,10.0,10.0,0.0,0.0,0.0,3327.987,1.0
2024-06-24 13:00:00,33362.5,0.0,10.0,10.0,0.0,0.0,0.0,3336.25,1.0
2024-06-24 14:00:00,33246.733,0.0,10.0,10.0,0.0,0.0,0.0,3324.673,1.0
2024-06-24 15:00:00,32865.6,0.0,10.0,10.0,0.0,0.0,0.0,3286.56,1.0
2024-06-24 16:00:00,32721.1,0.0,10.0,10.0,0.0,0.0,0.0,3272.11,1.0
2024-06-24 17:00:00,33054.5,0.0,10.0,10.0,0.0,0.0,0.0,3305.45,1.0
2024-06-24 18:00:00,33144.833,0.0,10.0,10.0,0.0,0.0,0.0,3314.483,1.0
2024-06-24 19:00:00,32953.733,0.0,10.0,10.0,0.0,0.0,0.0,3295.373,1.0
2024-06-24 20:00:00,33247.833,0.0,10.0,10.0,0.0,0.0,0.0,3324.783,1.0
2024-06-24 21:00:00,33569.933,0.0,10.0,10.0,0.0,0.0,0.0,3356.993,1.0
2024-06-24 22:00:00,33453.533,0.0,10.0,10.0,0.0,0.0,0.0,3345.353,1.0
2024-06-24 23:00:00,33652.533,0.0,10.0,10.0,0.0,0.0,0.0,3365.253,1.0
2024-06-25 00:00:00,33615.733,0.0,10.0,10.0,0.0,0.0,0.0,3361.573,1.0
2024-06-25 01:00:00,33606.867,0.0,10.0,10.0,0.0,0.0,0.0,3360.687,1.0
2024-06-25 02:00:00,33617.833,0.0,10.0,10.0,0.0,0.0,0.0,3361.783,1.0
2024-06-25 03:00:00,33853.7,0.0,10.0,10.0,0.0,0.0,0.0,3385.37,1.0
2024-06-25 04:00:00,34059.633,0.0,10.0,10.0,0.0,0.0,0.0,3405.963,1.0
2024-06-25 05:00:00,33910.833,0.0,10.0,10.0,0.0,0.0,0.0,3391.083,1.0
2024-06-25 06:00:00,33834.967,0.0,10.0,10.0,0.0,0.0,0.0,3383.497,1.0
2024-06-25 07:00:00,33734.3,0.0,10.0,10.0,0.0,0.0,0.0,3373.43,1.0
2024-06-25 08:00:00,33676.833,0.0,10.0,10.0,0.0,0.0,0.0,3367.683,1.0
2024-06-25 09:00:00,33983.233,0.0,10.0,10.0,0.0,0.0,0.0,3398.323,1.0
2024-06-25 10:00:00,33912.967,0.0,10.0,10.0,0.0,0.0,0.0,3391.297,1.0
2024-06-25 11:00:00,33916.433,0.0,10.0,10.0,0.0,0.0,0.0,3391.643,1.0
2024-06-25 12:00:00,33772.5,0.0,10.0,10.0,0.0,0.0,0.0,3377.25,1.0
2024-06-25 13:00:00,33779.3,0.0,10.0,10.0,0.0,0.0,0.0,3377.93,1.0
2024-06-25 14:00:00,34190.567,0.0,10.0,10.0,0.0,0.0,0.0,3419.057,1.0
2024-06-25 15:00:00,34358.733,0.0,10.0,10.0,0.0,0.0,0.0,3435.873,1.0
2024-06-25 16:00:00,33964.033,0.0,10.0,10.0,0.0,0.0,0.0,3396.403,1.0
2024-06-25 17:00:00,33999.333,0.0,10.0,10.0,0.0,0.0,0.0,3399.933,1.0
2024-06-25 18:00:00,34325.8,0.0,10.0,10.0,0.0,0.0,0.0,3432.58,1.0
2024-06-25 19:00:00,34310.067,0.0,10.0,10.0,0.0,0.0,0.0,3431.007,1.0
2024-06-25 20:00:00,34240.2,0.0,10.0,10.0,0.0,0.0,0.0,3424.02,1.0
2024-06-25 21:00:00,34146.567,0.0,10.0,10.0,0.0,0.0,0.0,3414.657,1.0
2024-06-25 22:00:00,34131.767,0.0,10.0,10.0,0.0,0.0,0.0,3413.177,1.0
2024-06-25 23:00:00,34080.533,0.0,10.0,10.0,0.0,0.0,0.0,3408.053,1.0
2024-06-26 00:00:00,34017.1,0.0,10.0,10.0,0.0,0.0,0.0,3401.71,1.0
2024-06-26 01:00:00,34277.367,0.0,10.0,10.0,0.0,0.0,0.0,3427.737,1.0
2024-06-26 02:00:00,34179.4,0.0,10.0,10.0,0.0,0.0,0.0,3417.94,1.0
2024-06-26 03:00:00,34068.033,0.0,10.0,10.0,0.0,0.0,0.0,3406.803,1.0
2024-06-26 04:00:00,34010.7,0.0,10.0,10.0,0.0,0.0,0.0,3401.07,1.0
2024-06-26 05:00:00,34020.267,0.0,10.0,10.0,0.0,0.0,0.0,3402.027,1.0
2024-06-26 06:00:00,34031.9,0.0,10.0,10.0,0.0,0.0,0.0,3403.19,1.0
2024-06-26 07:00:00,34138.4,0.0,10.0,10.0,0.0,0.0,0.0,3413.84,1.0
2024-06-26 08:00:00,33993.033,0.0,10.0,10.0,0.0,0.0,0.0,3399.303,1.0
2024-06-26 09:00:00,33916.633,0.0,10.0,10.0,0.0,0.0,0.0,3391.663,1.0
2024-06-26 10:00:00,33854.433,0.0,10.0,10.0,0.0,0.0,0.0,3385.443,1.0
2024-06-26 11:00:00,33921.1,0.0,10.0,10.0,0.0,0.0,0.0,3392.11,1.0
2024-06-26 12:00:00,33842.767,0.0,10.0,10.0,0.0,0.0,0.0,3384.277,1.0
2024-06-26 13:00:00,34029.633,0.0,10.0,10.0,0.0,0.0,0.0,3402.963,1.0
2024-06-26 14:00:00,33913.833,0.0,10.0,10.0,0.0,0.0,0.0,3391.383,1.0
2024-06-26 15:00:00,33697.867,0.0,10.0,10.0,0.0,0.0,0.0,3369.787,1.0
2024-06-26 16:00:00,33620.333,0.0,10.0,10.0,0.0,0.0,0.0,3362.033,1.0
2024-06-26 17:00:00,33726.567,0.0,10.0,10.0,0.0,0.0,0.0,3372.657,1.0
2024-06-26 18:00:00,33745.0,0.0,10.0,10.0,0.0,0.0,0.0,3374.5,1.0
2024-06-26 19:00:00,34194.467,0.0,10.0,10.0,0.0,0.0,0.0,3419.447,1.0
2024-06-26 20:00:00,34001.3,0.0,10.0,10.0,0.0,0.0,0.0,3400.13,1.0
2024-06-26 21:00:00,33953.033,0.0,10.0,10.0,0.0,0.0,0.0,3395.303,1.0
2024-06-26 22:00:00,33899.567,0.0,10.0,10.0,0.0,0.0,0.0,3389.957,1.0
2024-06-26 23:00:00,33812.533,0.0,10.0,10.0,0.0,0.0,0.0,3381.253,1.0
2024-06-27 00:00:00,33816.133,0.0,10.0,10.0,0.0,0.0,0.0,3381.613,1.0
2024-06-27 01:00:00,33891.9,0.0,10.0,10.0,0.0,0.0,0.0,3389.19,1.0
2024-06-27 02:00:00,33941.667,0.0,10.0,10.0,0.0,0.0,0.0,3394.167,1.0
2024-06-27 03:00:00,33911.3,0.0,10.0,10.0,0.0,0.0,0.0,3391.13,1.0
2024-06-27 04:00:00,33946.1,0.0,10.0,10.0,0.0,0.0,0.0,3394.61,1.0
2024-06-27 05:00:00,33804.4,0.0,10.0,10.0,0.0,0.0,0.0,3380.44,1.0
2024-06-27 06:00:00,33821.367,0.0,10.0,10.0,0.0,0.0,0.0,3382.137,1.0
2024-06-27 07:00:00,33858.967,0.0,10.0,10.0,0.0,0.0,0.0,3385.897,1.0
2024-06-27 08:00:00,33840.8,0.0,10.0,10.0,0.0,0.0,0.0,3384.08,1.0
2024-06-27 09:00:00,34094.9,0.0,10.0,10.0,0.0,0.0,0.0,3409.49,1.0
2024-06-27 10:00:00,34082.933,0.0,10.0,10.0,0.0,0.0,0.0,3408.293,1.0
2024-06-27 11:00:00,34197.167,0.0,10.0,10.0,0.0,0.0,0.0,3419.717,1.0
2024-06-27 12:00:00,34463.033,0.0,10.0,10.0,0.0,0.0,0.0,3446.303,1.0
2024-06-27 13:00:00,34735.967,0.0,10.0,10.0,0.0,0.0,0.0,3473.597,1.0
2024-06-27 14:00:00,34599.5,0.0,10.0,10.0,0.0,0.0,0.0,3459.95,1.0
2024-06-27 15:00:00,34619.9,0.0,10.0,10.0,0.0,0.0,0.0,3461.99,1.0
2024-06-27 16:00:00,34630.167,0.0,10.0,10.0,0.0,0.0,0.0,3463.017,1.0
2024-06-27 17:00:00,34744.7,0.0,10.0,10.0,0.0,0.0,0.0,3474.47,1.0
2024-06-27 18:00:00,34635.4,0.0,10.0,10.0,0.0,0.0,0.0,3463.54,1.0
2024-06-27 19:00:00,34592.133,0.0,10.0,10.0,0.0,0.0,0.0,3459.213,1.0
2024-06-27 20:00:00,34559.8,0.0,10.0,10.0,0.0,0.0,0.0,3455.98,1.0
2024-06-27 21:00:00,34589.6,0.0,10.0,10.0,0.0,0.0,0.0,3458.96,1.0
2024-06-27 22:00:00,34629.233,0.0,10.0,10.0,0.0,0.0,0.0,3462.923,1.0
2024-06-27 23:00:00,34601.933,0.0,10.0,10.0,0.0,0.0,0.0,3460.193,1.0
2024-06-28 00:00:00,34505.367,0.0,10.0,10.0,0.0,0.0,0.0,3450.537,1.0
2024-06-28 01:00:00,34990.533,0.0,10.0,10.0,0.0,0.0,0.0,3499.053,1.0
2024-06-28 02:00:00,34628.367,0.0,10.0,10.0,0.0,0.0,0.0,3462.837,1.0
2024-06-28 03:00:00,34701.367,0.0,10.0,10.0,0.0,0.0,0.0,3470.137,1.0
2024-06-28 04:00:00,34663.167,0.0,10.0,10.0,0.0,0.0,0.0,3466.317,1.0
2024-06-28 05:00:00,34592.833,0.0,10.0,10.0,0.0,0.0,0.0,3459.283,1.0
2024-06-28 06:00:00,34650.333,0.0,10.0,10.0,0.0,0.0,0.0,3465.033,1.0
2024-06-28 07:00:00,34416.667,0.0,10.0,10.0,0.0,0.0,0.0,3441.667,1.0
2024-06-28 08:00:00,34456.733,0.0,10.0,10.0,0.0,0.0,0.0,3445.673,1.0
2024-06-28 09:00:00,34509.5,0.0,10.0,10.0,0.0,0.0,0.0,3450.95,1.0
2024-06-28 10:00:00,34572.867,0.0,10.0,10.0,0.0,0.0,0.0,3457.287,1.0
2024-06-28 11:00:00,34632.6,0.0,10.0,10.0,0.0,0.0,0.0,3463.26,1.0
2024-06-28 12:00:00,34507.5,0.0,10.0,10.0,0.0,0.0,0.0,3450.75,1.0
2024-06-28 13:00:00,34557.3,0.0,10.0,10.0,0.0,0.0,0.0,3455.73,1.0
2024-06-28 14:00:00,34201.8,0.0,10.0,10.0,0.0,0.0,0.0,3420.18,1.0
2024-06-28 15:00:00,34256.5,0.0,10.0,10.0,0.0,0.0,0.0,3425.65,1.0
2024-06-28 16:00:00,34022.0,0.0,10.0,10.0,0.0,0.0,0.0,3402.2,1.0
2024-06-28 17:00:00,33934.1,0.0,10.0,10.0,0.0,0.0,0.0,3393.41,1.0
2024-06-28 18:00:00,33915.6,0.0,10.0,10.0,0.0,0.0,0.0,3391.56,1.0
2024-06-28 19:00:00,33868.4,0.0,10.0,10.0,0.0,0.0,0.0,3386.84,1.0
2024-06-28 20:00:00,33963.9,0.0,10.0,10.0,0.0,0.0,0.0,3396.39,1.0
2024-06-28 21:00:00,33893.1,0.0,10.0,10.0,0.0,0.0,0.0,3389.31,1.0
2024-06-28 22:00:00,33800.1,0.0,10.0,10.0,0.0,0.0,0.0,3380.01,1.0
2024-06-28 23:00:00,33860.7,0.0,10.0,10.0,0.0,0.0,0.0,3386.07,1.0
2024-06-29 00:00:00,33965.8,0.0,10.0,10.0,0.0,0.0,0.0,3396.58,1.0
2024-06-29 01:00:00,34026.9,0.0,10.0,10.0,0.0,0.0,0.0,3402.69,1.0
2024-06-29 02:00:00,33954.9,0.0,10.0,10.0,0.0,0.0,0.0,3395.49,1.0
2024-06-29 03:00:00,33918.6,0.0,10.0,10.0,0.0,0.0,0.0,3391.86,1.0
2024-06-29 04:00:00,33958.5,0.0,10.0,10.0,0.0,0.0,0.0,3395.85,1.0
2024-06-29 05:00:00,33927.2,0.0,10.0,10.0,0.0,0.0,0.0,3392.72,1.0
2024-06-29 06:00:00,33950.1,0.0,10.0,10.0,0.0,0.0,0.0,3395.01,1.0
2024-06-29 07:00:00,34062.8,0.0,10.0,10.0,0.0,0.0,0.0,3406.28,1.0
2024-06-29 08:00:00,33970.8,0.0,10.0,10.0,0.0,0.0,0.0,3397.08,1.0
2024-06-29 09:00:00,33999.8,0.0,10.0,10.0,0.0,0.0,0.0,3399.98,1.0
2024-06-29 10:00:00,34040.2,0.0,10.0,10.0,0.0,0.0,0.0,3404.02,1.0
2024-06-29 11:00:00,34090.2,0.0,10.0,10.0,0.0,0.0,0.0,3409.02,1.0
2024-06-29 12:00:00,34013.4,0.0,10.0,10.0,0.0,0.0,0.0,3401.34,1.0
2024-06-29 13:00:00,34032.2,0.0,10.0,10.0,0.0,0.0,0.0,3403.22,1.0
2024-06-29 14:00:00,33971.7,0.0,10.0,10.0,0.0,0.0,0.0,3397.17,1.0
2024-06-29 15:00:00,34028.5,0.0,10.0,10.0,0.0,0.0,0.0,3402.85,1.0
2024-06-29 16:00:00,33938.0,0.0,10.0,10.0,0.0,0.0,0.0,3393.8,1.0
2024-06-29 17:00:00,33973.4,0.0,10.0,10.0,0.0,0.0,0.0,3397.34,1.0
2024-06-29 18:00:00,33964.3,0.0,10.0,10.0,0.0,0.0,0.0,3396.43,1.0
2024-06-29 19:00:00,33950.9,0.0,10.0,10.0,0.0,0.0,0.0,3395.09,1.0
2024-06-29 20:00:00,33919.2,0.0,10.0,10.0,0.0,0.0,0.0,3391.92,1.0
2024-06-29 21:00:00,33961.9,0.0,10.0,10.0,0.0,0.0,0.0,3396.19,1.0
2024-06-29 22:00:00,33836.7,0.0,10.0,10.0,0.0,0.0,0.0,3383.67,1.0
2024-06-29 23:00:00,33849.5,0.0,10.0,10.0,0.0,0.0,0.0,3384.95,1.0
2024-06-30 00:00:00,33944.3,0.0,10.0,10.0,0.0,0.0,0.0,3394.43,1.0
2024-06-30 01:00:00,33827.7,0.0,10.0,10.0,0.0,0.0,0.0,3382.77,1.0
2024-06-30 02:00:00,33671.7,0.0,10.0,10.0,0.0,0.0,0.0,3367.17,1.0
2024-06-30 03:00:00,33771.1,0.0,10.0,10.0,0.0,0.0,0.0,3377.11,1.0
2024-06-30 04:00:00,33711.9,0.0,10.0,10.0,0.0,0.0,0.0,3371.19,1.0
2024-06-30 05:00:00,33720.2,0.0,10.0,10.0,0.0,0.0,0.0,3372.02,1.0
2024-06-30 06:00:00,33812.7,0.0,10.0,10.0,0.0,0.0,0.0,3381.27,1.0
2024-06-30 07:00:00,33991.5,0.0,10.0,10.0,0.0,0.0,0.0,3399.15,1.0
2024-06-30 08:00:00,33991.3,0.0,10.0,10.0,0.0,0.0,0.0,3399.13,1.0
2024-06-30 09:00:00,33955.9,0.0,10.0,10.0,0.0,0.0,0.0,3395.59,1.0
2024-06-30 10:00:00,33913.4,0.0,10.0,10.0,0.0,0.0,0.0,3391.34,1.0
2024-06-30 11:00:00,33930.1,0.0,10.0,10.0,0.0,0.0,0.0,3393.01,1.0
2024-06-30 12:00:00,33889.4,0.0,10.0,10.0,0.0,0.0,0.0,3388.94,1.0
2024-06-30 13:00:00,34012.4,0.0,10.0,10.0,0.0,0.0,0.0,3401.24,1.0
2024-06-30 14:00:00,33991.4,0.0,10.0,10.0,0.0,0.0,0.0,3399.14,1.0
2024-06-30 15:00:00,34063.5,0.0,10.0,10.0,0.0,0.0,0.0,3406.35,1.0
2024-06-30 16:00:00,33997.7,0.0,10.0,10.0,0.0,0.0,0.0,3399.77,1.0
2024-06-30 17:00:00,34186.5,0.0,10.0,10.0,0.0,0.0,0.0,3418.65,1.0
2024-06-30 18:00:00,34334.7,0.0,10.0,10.0,0.0,0.0,0.0,3433.47,1.0
2024-06-30 19:00:00,34344.6,0.0,10.0,10.0,0.0,0.0,0.0,3434.46,1.0
2024-06-30 20:00:00,34306.4,0.0,10.0,10.0,0.0,0.0,0.0,3430.64,1.0
2024-06-30 21:00:00,34228.9,0.0,10.0,10.0,0.0,0.0,0.0,3422.89,1.0
2024-06-30 22:00:00,34586.7,0.0,10.0,10.0,0.0,0.0,0.0,3458.67,1.0
2024-06-30 23:00:00,34496.7,0.0,10.0,10.0,0.0,0.0,0.0,3449.67,1.0
2024-07-01 00:00:00,34480.3,0.0,10.0,10.0,0.0,0.0,0.0,3448.03,1.0
2024-07-01 01:00:00,35292.6,0.0,10.0,10.0,0.0,0.0,0.0,3529.26,1.0
2024-07-01 02:00:00,35121.0,0.0,10.0,10.0,0.0,0.0,0.0,3512.1,1.0
2024-07-01 03:00:00,35093.2,0.0,10.0,10.0,0.0,0.0,0.0,3509.32,1.0
2024-07-01 04:00:00,34971.1,0.0,10.0,10.0,0.0,0.0,0.0,3497.11,1.0
2024-07-01 05:00:00,34989.8,0.0,10.0,10.0,0.0,0.0,0.0,3498.98,1.0
2024-07-01 06:00:00,35012.0,0.0,10.0,10.0,0.0,0.0,0.0,3501.2,1.0
2024-07-01 07:00:00,35005.8,0.0,10.0,10.0,0.0,0.0,0.0,3500.58,1.0
2024-07-01 08:00:00,34941.3,0.0,10.0,10.0,0.0,0.0,0.0,3494.13,1.0
2024-07-01 09:00:00,34903.5,0.0,10.0,10.0,0.0,0.0,0.0,3490.35,1.0
2024-07-01 10:00:00,34797.2,0.0,10.0,10.0,0.0,0.0,0.0,3479.72,1.0
2024-07-01 11:00:00,34678.6,0.0,10.0,10.0,0.0,0.0,0.0,3467.86,1.0
2024-07-01 12:00:00,34812.7,0.0,10.0,10.0,0.0,0.0,0.0,3481.27,1.0
2024-07-01 13:00:00,34677.5,0.0,10.0,10.0,0.0,0.0,0.0,3467.75,1.0
2024-07-01 14:00:00,34785.0,0.0,10.0,10.0,0.0,0.0,0.0,3478.5,1.0
2024-07-01 15:00:00,34781.8,0.0,10.0,10.0,0.0,0.0,0.0,3478.18,1.0
2024-07-01 16:00:00,34727.3,0.0,10.0,10.0,0.0,0.0,0.0,3472.73,1.0
2024-07-01 17:00:00,35010.4,0.0,10.0,10.0,0.0,0.0,0.0,3501.04,1.0
2024-07-01 18:00:00,34898.2,0.0,10.0,10.0,0.0,0.0,0.0,3489.82,1.0
2024-07-01 19:00:00,34782.2,0.0,10.0,10.0,0.0,0.0,0.0,3478.22,1.0
2024-07-01 20:00:00,34743.7,0.0,10.0,10.0,0.0,0.0,0.0,3474.37,1.0
2024-07-01 21:00:00,34676.0,0.0,10.0,10.0,0.0,0.0,0.0,3467.6,1.0
2024-07-01 22:00:00,34491.8,0.0,10.0,10.0,0.0,0.0,0.0,3449.18,1.0
2024-07-01 23:00:00,34523.2,0.0,10.0,10.0,0.0,0.0,0.0,3452.32,1.0
2024-07-02 00:00:00,34531.5,0.0,10.0,10.0,0.0,0.0,0.0,3453.15,1.0
2024-07-02 01:00:00,34556.6,0.0,10.0,10.0,0.0,0.0,0.0,3455.66,1.0
2024-07-02 02:00:00,34557.5,0.0,10.0,10.0,0.0,0.0,0.0,3455.75,1.0
2024-07-02 03:00:00,34659.5,0.0,10.0,10.0,0.0,0.0,0.0,3465.95,1.0
2024-07-02 04:00:00,34623.0,0.0,10.0,10.0,0.0,0.0,0.0,3462.3,1.0
2024-07-02 05:00:00,34648.3,0.0,10.0,10.0,0.0,0.0,0.0,3464.83,1.0
2024-07-02 06:00:00,34527.1,0.0,10.0,10.0,0.0,0.0,0.0,3452.71,1.0
2024-07-02 07:00:00,34447.6,0.0,10.0,10.0,0.0,0.0,0.0,3444.76,1.0
2024-07-02 08:00:00,34458.3,0.0,10.0,10.0,0.0,0.0,0.0,3445.83,1.0
2024-07-02 09:00:00,34528.8,0.0,10.0,10.0,0.0,0.0,0.0,3452.88,1.0
2024-07-02 10:00:00,34556.7,0.0,10.0,10.0,0.0,0.0,0.0,3455.67,1.0
2024-07-02 11:00:00,34575.5,0.0,10.0,10.0,0.0,0.0,0.0,3457.55,1.0
2024-07-02 12:00:00,34576.5,0.0,10.0,10.0,0.0,0.0,0.0,3457.65,1.0
2024-07-02 13:00:00,34455.9,0.0,10.0,10.0,0.0,0.0,0.0,3445.59,1.0
2024-07-02 14:00:00,34160.9,0.0,10.0,10.0,0.0,0.0,0.0,3416.09,1.0
2024-07-02 15:00:00,34183.2,0.0,10.0,10.0,0.0,0.0,0.0,3418.32,1.0
2024-07-02 16:00:00,34190.2,0.0,10.0,10.0,0.0,0.0,0.0,3419.02,1.0
2024-07-02 17:00:00,34268.2,0.0,10.0,10.0,0.0,0.0,0.0,3426.82,1.0
2024-07-02 18:00:00,34346.3,0.0,10.0,10.0,0.0,0.0,0.0,3434.63,1.0
2024-07-02 19:00:00,34223.7,0.0,10.0,10.0,0.0,0.0,0.0,3422.37,1.0
2024-07-02 20:00:00,34222.8,0.0,10.0,10.0,0.0,0.0,0.0,3422.28,1.0
2024-07-02 21:00:00,34321.8,0.0,10.0,10.0,0.0,0.0,0.0,3432.18,1.0
2024-07-02 22:00:00,34276.9,0.0,10.0,10.0,0.0,0.0,0.0,3427.69,1.0
2024-07-02 23:00:00,34245.1,0.0,10.0,10.0,0.0,0.0,0.0,3424.51,1.0
2024-07-03 00:00:00,34301.4,0.0,10.0,10.0,0.0,0.0,0.0,3430.14,1.0
2024-07-03 01:00:00,33971.5,0.0,10.0,10.0,0.0,0.0,0.0,3397.15,1.0
2024-07-03 02:00:00,33841.4,0.0,10.0,10.0,0.0,0.0,0.0,3384.14,1.0
2024-07-03 03:00:00,33660.0,0.0,10.0,10.0,0.0,0.0,0.0,3366.0,1.0
2024-07-03 04:00:00,33640.8,0.0,10.0,10.0,0.0,0.0,0.0,3364.08,1.0
2024-07-03 05:00:00,33690.9,0.0,10.0,10.0,0.0,0.0,0.0,3369.09,1.0
2024-07-03 06:00:00,33726.4,0.0,10.0,10.0,0.0,0.0,0.0,3372.64,1.0
2024-07-03 07:00:00,33552.8,0.0,10.0,10.0,0.0,0.0,0.0,3355.28,1.0
2024-07-03 08:00:00,33430.7,0.0,10.0,10.0,0.0,0.0,0.0,3343.07,1.0
2024-07-03 09:00:00,33430.0,0.0,10.0,10.0,0.0,0.0,0.0,3343.0,1.0
2024-07-03 10:00:00,33130.9,0.0,10.0,10.0,0.0,0.0,0.0,3313.09,1.0
2024-07-03 11:00:00,33107.0,0.0,10.0,10.0,0.0,0.0,0.0,3310.7,1.0
2024-07-03 12:00:00,32934.1,0.0,10.0,10.0,0.0,0.0,0.0,3293.41,1.0
2024-07-03 13:00:00,33202.5,0.0,10.0,10.0,0.0,0.0,0.0,3320.25,1.0
2024-07-03 14:00:00,33094.5,0.0,10.0,10.0,0.0,0.0,0.0,3309.45,1.0
2024-07-03 15:00:00,33061.7,0.0,10.0,10.0,0.0,0.0,0.0,3306.17,1.0
2024-07-03 16:00:00,33179.9,0.0,10.0,10.0,0.0,0.0,0.0,3317.99,1.0
2024-07-03 17:00:00,33041.7,0.0,10.0,10.0,0.0,0.0,0.0,3304.17,1.0
2024-07-03 18:00:00,33085.4,0.0,10.0,10.0,0.0,0.0,0.0,3308.54,1.0
2024-07-03 19:00:00,32713.4,0.0,10.0,10.0,0.0,0.0,0.0,3271.34,1.0
2024-07-03 20:00:00,32632.7,0.0,10.0,10.0,0.0,0.0,0.0,3263.27,1.0
2024-07-03 21:00:00,32931.7,0.0,10.0,10.0,0.0,0.0,0.0,3293.17,1.0
2024-07-03 22:00:00,33051.9,0.0,10.0,10.0,0.0,0.0,0.0,3305.19,1.0
2024-07-03 23:00:00,32978.4,0.0,10.0,10.0,0.0,0.0,0.0,3297.84,1.0
2024-07-04 00:00:00,33060.4,0.0,10.0,10.0,0.0,0.0,0.0,3306.04,1.0
2024-07-04 01:00:00,32191.8,0.0,10.0,10.0,0.0,0.0,0.0,3219.18,1.0
2024-07-04 02:00:00,32309.3,0.0,10.0,10.0,0.0,0.0,0.0,3230.93,1.0
2024-07-04 03:00:00,32451.6,0.0,10.0,10.0,0.0,0.0,0.0,3245.16,1.0
2024-07-04 04:00:00,32414.6,0.0,10.0,10.0,0.0,0.0,0.0,3241.46,1.0
2024-07-04 05:00:00,32287.4,0.0,10.0,10.0,0.0,0.0,0.0,3228.74,1.0
2024-07-04 06:00:00,32079.3,0.0,10.0,10.0,0.0,0.0,0.0,3207.93,1.0
2024-07-04 07:00:00,31736.4,0.0,10.0,10.0,0.0,0.0,0.0,3173.64,1.0
2024-07-04 08:00:00,31684.4,0.0,10.0,10.0,0.0,0.0,0.0,3168.44,1.0
2024-07-04 09:00:00,31645.7,0.0,10.0,10.0,0.0,0.0,0.0,3164.57,1.0
2024-07-04 10:00:00,31677.5,0.0,10.0,10.0,0.0,0.0,0.0,3167.75,1.0
2024-07-04 11:00:00,31594.1,0.0,10.0,10.0,0.0,0.0,0.0,3159.41,1.0
2024-07-04 12:00:00,31379.5,0.0,10.0,10.0,0.0,0.0,0.0,3137.95,1.0
2024-07-04 13:00:00,31286.2,0.0,10.0,10.0,0.0,0.0,0.0,3128.62,1.0
2024-07-04 14:00:00,31264.1,0.0,10.0,10.0,0.0,0.0,0.0,3126.41,1.0
2024-07-04 15:00:00,31391.0,0.0,10.0,10.0,0.0,0.0,0.0,3139.1,1.0
2024-07-04 16:00:00,31417.3,0.0,10.0,10.0,0.0,0.0,0.0,3141.73,1.0
2024-07-04 17:00:00,31471.4,0.0,10.0,10.0,0.0,0.0,0.0,3147.14,1.0
2024-07-04 18:00:00,31331.0,0.0,10.0,10.0,0.0,0.0,0.0,3133.1,1.0
2024-07-04 19:00:00,31370.2,0.0,10.0,10.0,0.0,0.0,0.0,3137.02,1.0
2024-07-04 20:00:00,31422.2,0.0,10.0,10.0,0.0,0.0,0.0,3142.22,1.0
2024-07-04 21:00:00,31586.5,0.0,10.0,10.0,0.0,0.0,0.0,3158.65,1.0
2024-07-04 22:00:00,31331.4,0.0,10.0,10.0,0.0,0.0,0.0,3133.14,1.0
2024-07-04 23:00:00,30673.8,0.0,10.0,10.0,0.0,0.0,0.0,3067.38,1.0
2024-07-05 00:00:00,31079.5,0.0,10.0,10.0,0.0,0.0,0.0,3107.95,1.0
2024-07-05 01:00:00,30987.2,0.0,10.0,10.0,0.0,0.0,0.0,3098.72,1.0
2024-07-05 02:00:00,29811.6,0.0,10.0,10.0,0.0,0.0,0.0,2981.16,1.0
2024-07-05 03:00:00,29247.4,0.0,10.0,10.0,0.0,0.0,0.0,2924.74,1.0
2024-07-05 04:00:00,28677.2,0.0,10.0,10.0,0.0,0.0,0.0,2867.72,1.0
2024-07-05 05:00:00,28962.6,0.0,10.0,10.0,0.0,0.0,0.0,2896.26,1.0
2024-07-05 06:00:00,28636.8,0.0,10.0,10.0,0.0,0.0,0.0,2863.68,1.0
2024-07-05 07:00:00,28785.9,0.0,10.0,10.0,0.0,0.0,0.0,2878.59,1.0
2024-07-05 08:00:00,28543.8,0.0,10.0,10.0,0.0,0.0,0.0,2854.38,1.0
2024-07-05 09:00:00,28852.4,0.0,10.0,10.0,0.0,0.0,0.0,2885.24,1.0
2024-07-05 10:00:00,29170.0,0.0,10.0,10.0,0.0,0.0,0.0,2917.0,1.0
2024-07-05 11:00:00,29456.4,0.0,10.0,10.0,0.0,0.0,0.0,2945.64,1.0
2024-07-05 12:00:00,29411.1,0.0,10.0,10.0,0.0,0.0,0.0,2941.11,1.0
2024-07-05 13:00:00,29745.6,0.0,10.0,10.0,0.0,0.0,0.0,2974.56,1.0
2024-07-05 14:00:00,29573.5,0.0,10.0,10.0,0.0,0.0,0.0,2957.35,1.0
2024-07-05 15:00:00,29898.7,0.0,10.0,10.0,0.0,0.0,0.0,2989.87,1.0
2024-07-05 16:00:00,29683.8,0.0,10.0,10.0,0.0,0.0,0.0,2968.38,1.0
2024-07-05 17:00:00,29947.9,0.0,10.0,10.0,0.0,0.0,0.0,2994.79,1.0
2024-07-05 18:00:00,29947.0,0.0,10.0,10.0,0.0,0.0,0.0,2994.7,1.0
2024-07-05 19:00:00,29862.3,0.0,10.0,10.0,0.0,0.0,0.0,2986.23,1.0
2024-07-05 20:00:00,29765.8,0.0,10.0,10.0,0.0,0.0,0.0,2976.58,1.0
2024-07-05 21:00:00,29829.9,0.0,10.0,10.0,0.0,0.0,0.0,2982.99,1.0
2024-07-05 22:00:00,29786.2,0.0,10.0,10.0,0.0,0.0,0.0,2978.62,1.0
2024-07-05 23:00:00,29858.0,0.0,10.0,10.0,0.0,0.0,0.0,2985.8,1.0
2024-07-06 00:00:00,29932.0,0.0,10.0,10.0,0.0,0.0,0.0,2993.2,1.0
2024-07-06 01:00:00,29676.4,0.0,10.0,10.0,0.0,0.0,0.0,2967.64,1.0
2024-07-06 02:00:00,29838.9,0.0,10.0,10.0,0.0,0.0,0.0,2983.89,1.0
2024-07-06 03:00:00,29826.9,0.0,10.0,10.0,0.0,0.0,0.0,2982.69,1.0
2024-07-06 04:00:00,29651.1,0.0,10.0,10.0,0.0,0.0,0.0,2965.11,1.0
2024-07-06 05:00:00,29746.7,0.0,10.0,10.0,0.0,0.0,0.0,2974.67,1.0
2024-07-06 06:00:00,29949.7,0.0,10.0,10.0,0.0,0.0,0.0,2994.97,1.0
2024-07-06 07:00:00,30075.9,0.0,10.0,10.0,0.0,0.0,0.0,3007.59,1.0
2024-07-06 08:00:00,30046.6,0.0,10.0,10.0,0.0,0.0,0.0,3004.66,1.0
2024-07-06 09:00:00,30022.9,0.0,10.0,10.0,0.0,0.0,0.0,3002.29,1.0
2024-07-06 10:00:00,30154.8,0.0,10.0,10.0,0.0,0.0,0.0,3015.48,1.0
2024-07-06 11:00:00,30082.4,0.0,10.0,10.0,0.0,0.0,0.0,3008.24,1.0
2024-07-06 12:00:00,30024.9,0.0,10.0,10.0,0.0,0.0,0.0,3002.49,1.0
2024-07-06 13:00:00,30096.5,0.0,10.0,10.0,0.0,0.0,0.0,3009.65,1.0
2024-07-06 14:00:00,30152.7,0.0,10.0,10.0,0.0,0.0,0.0,3015.27,1.0
2024-07-06 15:00:00,30240.4,0.0,10.0,10.0,0.0,0.0,0.0,3024.04,1.0
2024-07-06 16:00:00,30530.0,0.0,10.0,10.0,0.0,0.0,0.0,3053.0,1.0
2024-07-06 17:00:00,30513.7,0.0,10.0,10.0,0.0,0.0,0.0,3051.37,1.0
2024-07-06 18:00:00,30563.8,0.0,10.0,10.0,0.0,0.0,0.0,3056.38,1.0
2024-07-06 19:00:00,30622.0,0.0,10.0,10.0,0.0,0.0,0.0,3062.2,1.0
2024-07-06 20:00:00,30646.6,0.0,10.0,10.0,0.0,0.0,0.0,3064.66,1.0
2024-07-06 21:00:00,30601.7,0.0,10.0,10.0,0.0,0.0,0.0,3060.17,1.0
2024-07-06 22:00:00,30669.4,0.0,10.0,10.0,0.0,0.0,0.0,3066.94,1.0
2024-07-06 23:00:00,30701.1,0.0,10.0,10.0,0.0,0.0,0.0,3070.11,1.0
2024-07-07 00:00:00,30498.2,0.0,10.0,10.0,0.0,0.0,0.0,3049.82,1.0
2024-07-07 01:00:00,30557.6,0.0,10.0,10.0,0.0,0.0,0.0,3055.76,1.0
2024-07-07 02:00:00,30670.1,0.0,10.0,10.0,0.0,0.0,0.0,3067.01,1.0
2024-07-07 03:00:00,30535.1,0.0,10.0,10.0,0.0,0.0,0.0,3053.51,1.0
2024-07-07 04:00:00,30318.6,0.0,10.0,10.0,0.0,0.0,0.0,3031.86,1.0
2024-07-07 05:00:00,30310.7,0.0,10.0,10.0,0.0,0.0,0.0,3031.07,1.0
2024-07-07 06:00:00,30308.2,0.0,10.0,10.0,0.0,0.0,0.0,3030.82,1.0
2024-07-07 07:00:00,30061.4,0.0,10.0,10.0,0.0,0.0,0.0,3006.14,1.0
2024-07-07 08:00:00,30136.873,0.0,10.0,10.0,0.0,0.0,0.0,3013.687,1.0
2024-07-07 09:00:00,30145.208,0.0,10.0,10.0,0.0,0.0,0.0,3014.521,1.0
2024-07-07 10:00:00,30144.238,0.0,10.0,10.0,0.0,0.0,0.0,3014.424,1.0
2024-07-07 11:00:00,30171.527,0.0,10.0,10.0,0.0,0.0,0.0,3017.153,1.0
2024-07-07 12:00:00,30108.747,0.0,10.0,10.0,0.0,0.0,0.0,3010.875,1.0
2024-07-07 13:00:00,29795.884,0.0,10.0,10.0,0.0,0.0,0.0,2979.588,1.0
2024-07-07 14:00:00,29664.301,0.0,10.0,10.0,0.0,0.0,0.0,2966.43,1.0
2024-07-07 15:00:00,29713.576,0.0,10.0,10.0,0.0,0.0,0.0,2971.358,1.0
2024-07-07 16:00:00,29897.27,0.0,10.0,10.0,0.0,0.0,0.0,2989.727,1.0
2024-07-07 17:00:00,29976.035,0.0,10.0,10.0,0.0,0.0,0.0,2997.604,1.0
2024-07-07 18:00:00,29886.812,0.0,10.0,10.0,0.0,0.0,0.0,2988.681,1.0
2024-07-07 19:00:00,29854.77,0.0,10.0,10.0,0.0,0.0,0.0,2985.477,1.0
2024-07-07 20:00:00,30000.57,0.0,10.0,10.0,0.0,0.0,0.0,3000.057,1.0
2024-07-07 21:00:00,29544.916,0.0,10.0,10.0,0.0,0.0,0.0,2954.492,1.0
2024-07-07 22:00:00,29397.175,0.0,10.0,10.0,0.0,0.0,0.0,2939.718,1.0
2024-07-07 23:00:00,29314.758,0.0,10.0,10.0,0.0,0.0,0.0,2931.476,1.0
2024-07-08 00:00:00,28944.958,0.0,10.0,10.0,0.0,0.0,0.0,2894.496,1.0
2024-07-08 01:00:00,28525.598,0.0,10.0,10.0,0.0,0.0,0.0,2852.56,1.0
2024-07-08 02:00:00,28894.983,0.0,10.0,10.0,0.0,0.0,0.0,2889.498,1.0
2024-07-08 03:00:00,28802.67,0.0,10.0,10.0,0.0,0.0,0.0,2880.267,1.0
2024-07-08 04:00:00,29174.383,0.0,10.0,10.0,0.0,0.0,0.0,2917.438,1.0
2024-07-08 05:00:00,29180.846,0.0,10.0,10.0,0.0,0.0,0.0,2918.085,1.0
2024-07-08 06:00:00,29161.377,0.0,10.0,10.0,0.0,0.0,0.0,2916.138,1.0
2024-07-08 07:00:00,29279.106,0.0,10.0,10.0,0.0,0.0,0.0,2927.911,1.0
2024-07-08 08:00:00,30567.333,0.0,10.0,10.0,0.0,0.0,0.0,3056.733,1.0
2024-07-08 09:00:00,30593.529,0.0,10.0,10.0,0.0,0.0,0.0,3059.353,1.0
2024-07-08 10:00:00,30229.299,0.0,10.0,10.0,0.0,0.0,0.0,3022.93,1.0
2024-07-08 11:00:00,30533.339,0.0,10.0,10.0,0.0,0.0,0.0,3053.334,1.0
2024-07-08 12:00:00,30481.174,0.0,10.0,10.0,0.0,0.0,0.0,3048.117,1.0
2024-07-08 13:00:00,30368.28,0.0,10.0,10.0,0.0,0.0,0.0,3036.828,1.0
2024-07-08 14:00:00,29750.67,0.0,10.0,10.0,0.0,0.0,0.0,2975.067,1.0
2024-07-08 15:00:00,29715.261,0.0,10.0,10.0,0.0,0.0,0.0,2971.526,1.0
2024-07-08 16:00:00,29710.769,0.0,10.0,10.0,0.0,0.0,0.0,2971.077,1.0
2024-07-08 17:00:00,29836.102,0.0,10.0,10.0,0.0,0.0,0.0,2983.61,1.0
2024-07-08 18:00:00,29934.865,0.0,10.0,10.0,0.0,0.0,0.0,2993.486,1.0
2024-07-08 19:00:00,30080.503,0.0,10.0,10.0,0.0,0.0,0.0,3008.05,1.0
2024-07-08 20:00:00,29955.863,0.0,10.0,10.0,0.0,0.0,0.0,2995.586,1.0
2024-07-08 21:00:00,30255.138,0.0,10.0,10.0,0.0,0.0,0.0,3025.514,1.0
2024-07-08 22:00:00,30220.661,0.0,10.0,10.0,0.0,0.0,0.0,3022.066,1.0
2024-07-08 23:00:00,30169.504,0.0,10.0,10.0,0.0,0.0,0.0,3016.95,1.0
2024-07-09 00:00:00,30294.308,0.0,10.0,10.0,0.0,0.0,0.0,3029.431,1.0
2024-07-09 01:00:00,30287.529,0.0,10.0,10.0,0.0,0.0,0.0,3028.753,1.0
2024-07-09 02:00:00,30595.101,0.0,10.0,10.0,0.0,0.0,0.0,3059.51,1.0
2024-07-09 03:00:00,30666.77,0.0,10.0,10.0,0.0,0.0,0.0,3066.677,1.0
2024-07-09 04:00:00,30749.936,0.0,10.0,10.0,0.0,0.0,0.0,3074.994,1.0
2024-07-09 05:00:00,30661.541,0.0,10.0,10.0,0.0,0.0,0.0,3066.154,1.0
2024-07-09 06:00:00,30770.114,0.0,10.0,10.0,0.0,0.0,0.0,3077.011,1.0
2024-07-09 07:00:00,30597.94,0.0,10.0,10.0,0.0,0.0,0.0,3059.794,1.0
2024-07-09 08:00:00,30868.444,0.0,10.0,10.0,0.0,0.0,0.0,3086.844,1.0
2024-07-09 09:00:00,30950.973,0.0,10.0,10.0,0.0,0.0,0.0,3095.097,1.0
2024-07-09 10:00:00,30798.851,0.0,10.0,10.0,0.0,0.0,0.0,3079.885,1.0
2024-07-09 11:00:00,30860.808,0.0,10.0,10.0,0.0,0.0,0.0,3086.081,1.0
2024-07-09 12:00:00,30721.151,0.0,10.0,10.0,0.0,0.0,0.0,3072.115,1.0
2024-07-09 13:00:00,30651.594,0.0,10.0,10.0,0.0,0.0,0.0,3065.159,1.0
2024-07-09 14:00:00,30569.076,0.0,10.0,10.0,0.0,0.0,0.0,3056.908,1.0
2024-07-09 15:00:00,30667.979,0.0,10.0,10.0,0.0,0.0,0.0,3066.798,1.0
2024-07-09 16:00:00,30751.204,0.0,10.0,10.0,0.0,0.0,0.0,3075.12,1.0
2024-07-09 17:00:00,30527.468,0.0,10.0,10.0,0.0,0.0,0.0,3052.747,1.0
2024-07-09 18:00:00,30596.1,0.0,10.0,10.0,0.0,0.0,0.0,3059.61,1.0
2024-07-09 19:00:00,30668.727,0.0,10.0,10.0,0.0,0.0,0.0,3066.873,1.0
2024-07-09 20:00:00,30700.107,0.0,10.0,10.0,0.0,0.0,0.0,3070.011,1.0
2024-07-09 21:00:00,30623.846,0.0,10.0,10.0,0.0,0.0,0.0,3062.385,1.0
2024-07-09 22:00:00,30614.393,0.0,10.0,10.0,0.0,0.0,0.0,3061.439,1.0
2024-07-09 23:00:00,30636.028,0.0,10.0,10.0,0.0,0.0,0.0,3063.603,1.0
2024-07-10 00:00:00,30417.55,0.0,10.0,10.0,0.0,0.0,0.0,3041.755,1.0
2024-07-10 01:00:00,30594.047,0.0,10.0,10.0,0.0,0.0,0.0,3059.405,1.0
2024-07-10 02:00:00,30697.96,0.0,10.0,10.0,0.0,0.0,0.0,3069.796,1.0
2024-07-10 03:00:00,30778.752,0.0,10.0,10.0,0.0,0.0,0.0,3077.875,1.0
2024-07-10 04:00:00,31103.114,0.0,10.0,10.0,0.0,0.0,0.0,3110.311,1.0
2024-07-10 05:00:00,31014.894,0.0,10.0,10.0,0.0,0.0,0.0,3101.489,1.0
2024-07-10 06:00:00,31123.632,0.0,10.0,10.0,0.0,0.0,0.0,3112.363,1.0
2024-07-10 07:00:00,30967.9,0.0,10.0,10.0,0.0,0.0,0.0,3096.79,1.0
2024-07-10 08:00:00,30898.187,0.0,10.0,10.0,0.0,0.0,0.0,3089.819,1.0
2024-07-10 09:00:00,30914.921,0.0,10.0,10.0,0.0,0.0,0.0,3091.492,1.0
2024-07-10 10:00:00,31015.254,0.0,10.0,10.0,0.0,0.0,0.0,3101.525,1.0
2024-07-10 11:00:00,31002.983,0.0,10.0,10.0,0.0,0.0,0.0,3100.298,1.0
2024-07-10 12:00:00,31008.684,0.0,10.0,10.0,0.0,0.0,0.0,3100.868,1.0
2024-07-10 13:00:00,31046.746,0.0,10.0,10.0,0.0,0.0,0.0,3104.675,1.0
2024-07-10 14:00:00,31020.619,0.0,10.0,10.0,0.0,0.0,0.0,3102.062,1.0
2024-07-10 15:00:00,31250.228,0.0,10.0,10.0,0.0,0.0,0.0,3125.023,1.0
2024-07-10 16:00:00,31209.429,0.0,10.0,10.0,0.0,0.0,0.0,3120.943,1.0
2024-07-10 17:00:00,31056.19,0.0,10.0,10.0,0.0,0.0,0.0,3105.619,1.0
2024-07-10 18:00:00,31000.53,0.0,10.0,10.0,0.0,0.0,0.0,3100.053,1.0
2024-07-10 19:00:00,31025.575,0.0,10.0,10.0,0.0,0.0,0.0,3102.558,1.0
2024-07-10 20:00:00,30964.913,0.0,10.0,10.0,0.0,0.0,0.0,3096.491,1.0
2024-07-10 21:00:00,30993.395,0.0,10.0,10.0,0.0,0.0,0.0,3099.34,1.0
2024-07-10 22:00:00,31011.693,0.0,10.0,10.0,0.0,0.0,0.0,3101.169,1.0
2024-07-10 23:00:00,31014.065,0.0,10.0,10.0,0.0,0.0,0.0,3101.406,1.0
2024-07-11 00:00:00,30960.868,0.0,10.0,10.0,0.0,0.0,0.0,3096.087,1.0
2024-07-11 01:00:00,31245.92,0.0,10.0,10.0,0.0,0.0,0.0,3124.592,1.0
2024-07-11 02:00:00,31040.276,0.0,10.0,10.0,0.0,0.0,0.0,3104.028,1.0
2024-07-11 03:00:00,30772.303,0.0,10.0,10.0,0.0,0.0,0.0,3077.23,1.0
2024-07-11 04:00:00,30837.69,0.0,10.0,10.0,0.0,0.0,0.0,3083.769,1.0
2024-07-11 05:00:00,30996.055,0.0,10.0,10.0,0.0,0.0,0.0,3099.606,1.0
2024-07-11 06:00:00,31054.671,0.0,10.0,10.0,0.0,0.0,0.0,3105.467,1.0
2024-07-11 07:00:00,31168.8,0.0,10.0,10.0,0.0,0.0,0.0,3116.88,1.0
2024-07-11 08:00:00,31237.1,0.0,10.0,10.0,0.0,0.0,0.0,3123.71,1.0
2024-07-11 09:00:00,31389.7,0.0,10.0,10.0,0.0,0.0,0.0,3138.97,1.0
2024-07-11 10:00:00,31429.9,0.0,10.0,10.0,0.0,0.0,0.0,3142.99,1.0
2024-07-11 11:00:00,31494.7,0.0,10.0,10.0,0.0,0.0,0.0,3149.47,1.0
2024-07-11 12:00:00,31850.7,0.0,10.0,10.0,0.0,0.0,0.0,3185.07,1.0
2024-07-11 13:00:00,31756.7,0.0,10.0,10.0,0.0,0.0,0.0,3175.67,1.0
2024-07-11 14:00:00,31564.7,0.0,10.0,10.0,0.0,0.0,0.0,3156.47,1.0
2024-07-11 15:00:00,31109.0,0.0,10.0,10.0,0.0,0.0,0.0,3110.9,1.0
2024-07-11 16:00:00,31224.9,0.0,10.0,10.0,0.0,0.0,0.0,3122.49,1.0
2024-07-11 17:00:00,31345.8,0.0,10.0,10.0,0.0,0.0,0.0,3134.58,1.0
2024-07-11 18:00:00,31343.3,0.0,10.0,10.0,0.0,0.0,0.0,3134.33,1.0
2024-07-11 19:00:00,31071.6,0.0,10.0,10.0,0.0,0.0,0.0,3107.16,1.0
2024-07-11 20:00:00,31137.1,0.0,10.0,10.0,0.0,0.0,0.0,3113.71,1.0
2024-07-11 21:00:00,31084.5,0.0,10.0,10.0,0.0,0.0,0.0,3108.45,1.0
2024-07-11 22:00:00,30996.6,0.0,10.0,10.0,0.0,0.0,0.0,3099.66,1.0
2024-07-11 23:00:00,30992.8,0.0,10.0,10.0,0.0,0.0,0.0,3099.28,1.0
2024-07-12 00:00:00,31013.1,0.0,10.0,10.0,0.0,0.0,0.0,3101.31,1.0
2024-07-12 01:00:00,30887.3,0.0,10.0,10.0,0.0,0.0,0.0,3088.73,1.0
2024-07-12 02:00:00,31061.3,0.0,10.0,10.0,0.0,0.0,0.0,3106.13,1.0
2024-07-12 03:00:00,30851.8,0.0,10.0,10.0,0.0,0.0,0.0,3085.18,1.0
2024-07-12 04:00:00,30819.3,0.0,10.0,10.0,0.0,0.0,0.0,3081.93,1.0
2024-07-12 05:00:00,30822.9,0.0,10.0,10.0,0.0,0.0,0.0,3082.29,1.0
2024-07-12 06:00:00,30935.6,0.0,10.0,10.0,0.0,0.0,0.0,3093.56,1.0
2024-07-12 07:00:00,30683.1,0.0,10.0,10.0,0.0,0.0,0.0,3068.31,1.0
2024-07-12 08:00:00,30787.946,0.0,10.0,10.0,0.0,0.0,0.0,3078.795,1.0
2024-07-12 09:00:00,30571.74,0.0,10.0,10.0,0.0,0.0,0.0,3057.174,1.0
2024-07-12 10:00:00,30714.313,0.0,10.0,10.0,0.0,0.0,0.0,3071.431,1.0
2024-07-12 11:00:00,30683.957,0.0,10.0,10.0,0.0,0.0,0.0,3068.396,1.0
2024-07-12 12:00:00,30759.596,0.0,10.0,10.0,0.0,0.0,0.0,3075.96,1.0
2024-07-12 13:00:00,31240.622,0.0,10.0,10.0,0.0,0.0,0.0,3124.062,1.0
2024-07-12 14:00:00,31166.841,0.0,10.0,10.0,0.0,0.0,0.0,3116.684,1.0
2024-07-12 15:00:00,31371.56,0.0,10.0,10.0,0.0,0.0,0.0,3137.156,1.0
2024-07-12 16:00:00,31359.513,0.0,10.0,10.0,0.0,0.0,0.0,3135.951,1.0
2024-07-12 17:00:00,31448.297,0.0,10.0,10.0,0.0,0.0,0.0,3144.83,1.0
2024-07-12 18:00:00,31458.031,0.0,10.0,10.0,0.0,0.0,0.0,3145.803,1.0
2024-07-12 19:00:00,31195.488,0.0,10.0,10.0,0.0,0.0,0.0,3119.549,1.0
2024-07-12 20:00:00,31091.614,0.0,10.0,10.0,0.0,0.0,0.0,3109.161,1.0
2024-07-12 21:00:00,31190.741,0.0,10.0,10.0,0.0,0.0,0.0,3119.074,1.0
2024-07-12 22:00:00,31271.65,0.0,10.0,10.0,0.0,0.0,0.0,3127.165,1.0
2024-07-12 23:00:00,31345.569,0.0,10.0,10.0,0.0,0.0,0.0,3134.557,1.0
2024-07-13 00:00:00,31329.266,0.0,10.0,10.0,0.0,0.0,0.0,3132.927,1.0
2024-07-13 01:00:00,31301.602,0.0,10.0,10.0,0.0,0.0,0.0,3130.16,1.0
2024-07-13 02:00:00,31277.717,0.0,10.0,10.0,0.0,0.0,0.0,3127.772,1.0
2024-07-13 03:00:00,31221.329,0.0,10.0,10.0,0.0,0.0,0.0,3122.133,1.0
2024-07-13 04:00:00,31159.539,0.0,10.0,10.0,0.0,0.0,0.0,3115.954,1.0
2024-07-13 05:00:00,31344.297,0.0,10.0,10.0,0.0,0.0,0.0,3134.43,1.0
2024-07-13 06:00:00,31376.334,0.0,10.0,10.0,0.0,0.0,0.0,3137.633,1.0
2024-07-13 07:00:00,31382.0,0.0,10.0,10.0,0.0,0.0,0.0,3138.2,1.0
2024-07-13 08:00:00,31335.41,0.0,10.0,10.0,0.0,0.0,0.0,3133.541,1.0
2024-07-13 09:00:00,31664.712,0.0,10.0,10.0,0.0,0.0,0.0,3166.471,1.0
2024-07-13 10:00:00,31586.06,0.0,10.0,10.0,0.0,0.0,0.0,3158.606,1.0
2024-07-13 11:00:00,31565.347,0.0,10.0,10.0,0.0,0.0,0.0,3156.535,1.0
2024-07-13 12:00:00,31596.366,0.0,10.0,10.0,0.0,0.0,0.0,3159.637,1.0
2024-07-13 13:00:00,31541.031,0.0,10.0,10.0,0.0,0.0,0.0,3154.103,1.0
2024-07-13 14:00:00,31537.938,0.0,10.0,10.0,0.0,0.0,0.0,3153.794,1.0
2024-07-13 15:00:00,31561.264,0.0,10.0,10.0,0.0,0.0,0.0,3156.126,1.0
2024-07-13 16:00:00,31524.583,0.0,10.0,10.0,0.0,0.0,0.0,3152.458,1.0
2024-07-13 17:00:00,31549.985,0.0,10.0,10.0,0.0,0.0,0.0,3154.998,1.0
2024-07-13 18:00:00,31539.712,0.0,10.0,10.0,0.0,0.0,0.0,3153.971,1.0
2024-07-13 19:00:00,31650.224,0.0,10.0,10.0,0.0,0.0,0.0,3165.022,1.0
2024-07-13 20:00:00,31650.911,0.0,10.0,10.0,0.0,0.0,0.0,3165.091,1.0
2024-07-13 21:00:00,31629.452,0.0,10.0,10.0,0.0,0.0,0.0,3162.945,1.0
2024-07-13 22:00:00,31902.065,0.0,10.0,10.0,0.0,0.0,0.0,3190.206,1.0
2024-07-13 23:00:00,31758.304,0.0,10.0,10.0,0.0,0.0,0.0,3175.83,1.0
2024-07-14 00:00:00,31862.92,0.0,10.0,10.0,0.0,0.0,0.0,3186.292,1.0
2024-07-14 01:00:00,31855.269,0.0,10.0,10.0,0.0,0.0,0.0,3185.527,1.0
2024-07-14 02:00:00,31720.268,0.0,10.0,10.0,0.0,0.0,0.0,3172.027,1.0
2024-07-14 03:00:00,31732.825,0.0,10.0,10.0,0.0,0.0,0.0,3173.282,1.0
2024-07-14 04:00:00,31913.128,0.0,10.0,10.0,0.0,0.0,0.0,3191.313,1.0
2024-07-14 05:00:00,32036.389,0.0,10.0,10.0,0.0,0.0,0.0,3203.639,1.0
2024-07-14 06:00:00,31910.695,0.0,10.0,10.0,0.0,0.0,0.0,3191.07,1.0
2024-07-14 07:00:00,31967.1,0.0,10.0,10.0,0.0,0.0,0.0,3196.71,1.0
2024-07-14 08:00:00,32135.128,0.0,10.0,10.0,0.0,0.0,0.0,3213.513,1.0
2024-07-14 09:00:00,32165.363,0.0,10.0,10.0,0.0,0.0,0.0,3216.536,1.0
2024-07-14 10:00:00,32008.161,0.0,10.0,10.0,0.0,0.0,0.0,3200.816,1.0
2024-07-14 11:00:00,32036.108,0.0,10.0,10.0,0.0,0.0,0.0,3203.611,1.0
2024-07-14 12:00:00,31935.146,0.0,10.0,10.0,0.0,0.0,0.0,3193.515,1.0
2024-07-14 13:00:00,31854.862,0.0,10.0,10.0,0.0,0.0,0.0,3185.486,1.0
2024-07-14 14:00:00,31965.889,0.0,10.0,10.0,0.0,0.0,0.0,3196.589,1.0
2024-07-14 15:00:00,31922.075,0.0,10.0,10.0,0.0,0.0,0.0,3192.208,1.0
2024-07-14 16:00:00,31981.74,0.0,10.0,10.0,0.0,0.0,0.0,3198.174,1.0
2024-07-14 17:00:00,31914.671,0.0,10.0,10.0,0.0,0.0,0.0,3191.467,1.0
2024-07-14 18:00:00,31881.051,0.0,10.0,10.0,0.0,0.0,0.0,3188.105,1.0
2024-07-14 19:00:00,31918.14,0.0,10.0,10.0,0.0,0.0,0.0,3191.814,1.0
2024-07-14 20:00:00,32041.055,0.0,10.0,10.0,0.0,0.0,0.0,3204.106,1.0
2024-07-14 21:00:00,32480.282,0.0,10.0,10.0,0.0,0.0,0.0,3248.028,1.0
2024-07-14 22:00:00,32487.445,0.0,10.0,10.0,0.0,0.0,0.0,3248.744,1.0
2024-07-14 23:00:00,32414.377,0.0,10.0,10.0,0.0,0.0,0.0,3241.438,1.0
2024-07-15 00:00:00,32794.641,0.0,10.0,10.0,0.0,0.0,0.0,3279.464,1.0
2024-07-15 01:00:00,32758.704,0.0,10.0,10.0,0.0,0.0,0.0,3275.87,1.0
2024-07-15 02:00:00,33331.403,0.0,10.0,10.0,0.0,0.0,0.0,3333.14,1.0
2024-07-15 03:00:00,33318.588,0.0,10.0,10.0,0.0,0.0,0.0,3331.859,1.0
2024-07-15 04:00:00,33366.311,0.0,10.0,10.0,0.0,0.0,0.0,3336.631,1.0
2024-07-15 05:00:00,33364.384,0.0,10.0,10.0,0.0,0.0,0.0,3336.438,1.0
2024-07-15 06:00:00,33531.528,0.0,10.0,10.0,0.0,0.0,0.0,3353.153,1.0
2024-07-15 07:00:00,33599.8,0.0,10.0,10.0,0.0,0.0,0.0,3359.98,1.0
2024-07-15 08:00:00,33542.873,0.0,10.0,10.0,0.0,0.0,0.0,3354.287,1.0
2024-07-15 09:00:00,33536.823,0.0,10.0,10.0,0.0,0.0,0.0,3353.682,1.0
2024-07-15 10:00:00,33373.702,0.0,10.0,10.0,0.0,0.0,0.0,3337.37,1.0
2024-07-15 11:00:00,33429.601,0.0,10.0,10.0,0.0,0.0,0.0,3342.96,1.0
2024-07-15 12:00:00,33434.773,0.0,10.0,10.0,0.0,0.0,0.0,3343.477,1.0
2024-07-15 13:00:00,33602.901,0.0,10.0,10.0,0.0,0.0,0.0,3360.29,1.0
2024-07-15 14:00:00,33736.074,0.0,10.0,10.0,0.0,0.0,0.0,3373.607,1.0
2024-07-15 15:00:00,33676.425,0.0,10.0,10.0,0.0,0.0,0.0,3367.642,1.0
2024-07-15 16:00:00,34011.498,0.0,10.0,10.0,0.0,0.0,0.0,3401.15,1.0
2024-07-15 17:00:00,33867.777,0.0,10.0,10.0,0.0,0.0,0.0,3386.778,1.0
2024-07-15 18:00:00,33988.374,0.0,10.0,10.0,0.0,0.0,0.0,3398.837,1.0
2024-07-15 19:00:00,33974.671,0.0,10.0,10.0,0.0,0.0,0.0,3397.467,1.0
2024-07-15 20:00:00,34361.478,0.0,10.0,10.0,0.0,0.0,0.0,3436.148,1.0
2024-07-15 21:00:00,34246.394,0.0,10.0,10.0,0.0,0.0,0.0,3424.639,1.0
2024-07-15 22:00:00,34748.375,0.0,10.0,10.0,0.0,0.0,0.0,3474.838,1.0
2024-07-15 23:00:00,34914.847,0.0,10.0,10.0,0.0,0.0,0.0,3491.485,1.0
2024-07-16 00:00:00,34739.36,0.0,10.0,10.0,0.0,0.0,0.0,3473.936,1.0
2024-07-16 01:00:00,34777.763,0.0,10.0,10.0,0.0,0.0,0.0,3477.776,1.0
2024-07-16 02:00:00,34666.042,0.0,10.0,10.0,0.0,0.0,0.0,3466.604,1.0
2024-07-16 03:00:00,34722.886,0.0,10.0,10.0,0.0,0.0,0.0,3472.289,1.0
2024-07-16 04:00:00,34623.507,0.0,10.0,10.0,0.0,0.0,0.0,3462.351,1.0
2024-07-16 05:00:00,34143.613,0.0,10.0,10.0,0.0,0.0,0.0,3414.361,1.0
2024-07-16 06:00:00,33911.767,0.0,10.0,10.0,0.0,0.0,0.0,3391.177,1.0
2024-07-16 07:00:00,33854.4,0.0,10.0,10.0,0.0,0.0,0.0,3385.44,1.0
2024-07-16 08:00:00,33758.428,0.0,10.0,10.0,0.0,0.0,0.0,3375.843,1.0
2024-07-16 09:00:00,33934.233,0.0,10.0,10.0,0.0,0.0,0.0,3393.423,1.0
2024-07-16 10:00:00,34123.562,0.0,10.0,10.0,0.0,0.0,0.0,3412.356,1.0
2024-07-16 11:00:00,34202.761,0.0,10.0,10.0,0.0,0.0,0.0,3420.276,1.0
2024-07-16 12:00:00,34096.078,0.0,10.0,10.0,0.0,0.0,0.0,3409.608,1.0
2024-07-16 13:00:00,34085.565,0.0,10.0,10.0,0.0,0.0,0.0,3408.556,1.0
2024-07-16 14:00:00,34161.954,0.0,10.0,10.0,0.0,0.0,0.0,3416.195,1.0
2024-07-16 15:00:00,34842.342,0.0,10.0,10.0,0.0,0.0,0.0,3484.234,1.0
2024-07-16 16:00:00,34603.164,0.0,10.0,10.0,0.0,0.0,0.0,3460.316,1.0
2024-07-16 17:00:00,34611.006,0.0,10.0,10.0,0.0,0.0,0.0,3461.101,1.0
2024-07-16 18:00:00,34608.636,0.0,10.0,10.0,0.0,0.0,0.0,3460.864,1.0
2024-07-16 19:00:00,34678.738,0.0,10.0,10.0,0.0,0.0,0.0,3467.874,1.0
2024-07-16 20:00:00,34510.775,0.0,10.0,10.0,0.0,0.0,0.0,3451.078,1.0
2024-07-16 21:00:00,34418.05,0.0,10.0,10.0,0.0,0.0,0.0,3441.805,1.0
2024-07-16 22:00:00,34304.295,0.0,10.0,10.0,0.0,0.0,0.0,3430.43,1.0
2024-07-16 23:00:00,34438.41,0.0,10.0,10.0,0.0,0.0,0.0,3443.841,1.0
2024-07-17 00:00:00,34660.569,0.0,10.0,10.0,0.0,0.0,0.0,3466.057,1.0
2024-07-17 01:00:00,34860.235,0.0,10.0,10.0,0.0,0.0,0.0,3486.024,1.0
2024-07-17 02:00:00,34801.196,0.0,10.0,10.0,0.0,0.0,0.0,3480.12,1.0
2024-07-17 03:00:00,34871.643,0.0,10.0,10.0,0.0,0.0,0.0,3487.164,1.0
2024-07-17 04:00:00,34925.869,0.0,10.0,10.0,0.0,0.0,0.0,3492.587,1.0
2024-07-17 05:00:00,35071.883,0.0,10.0,10.0,0.0,0.0,0.0,3507.188,1.0
2024-07-17 06:00:00,34932.554,0.0,10.0,10.0,0.0,0.0,0.0,3493.255,1.0
2024-07-17 07:00:00,34884.8,0.0,10.0,10.0,0.0,0.0,0.0,3488.48,1.0
2024-07-17 08:00:00,34834.008,0.0,10.0,10.0,0.0,0.0,0.0,3483.401,1.0
2024-07-17 09:00:00,34936.302,0.0,10.0,10.0,0.0,0.0,0.0,3493.63,1.0
2024-07-17 10:00:00,34819.597,0.0,10.0,10.0,0.0,0.0,0.0,3481.96,1.0
2024-07-17 11:00:00,34492.045,0.0,10.0,10.0,0.0,0.0,0.0,3449.204,1.0
2024-07-17 12:00:00,34560.445,0.0,10.0,10.0,0.0,0.0,0.0,3456.044,1.0
2024-07-17 13:00:00,34704.065,0.0,10.0,10.0,0.0,0.0,0.0,3470.406,1.0
2024-07-17 14:00:00,34550.922,0.0,10.0,10.0,0.0,0.0,0.0,3455.092,1.0
2024-07-17 15:00:00,34360.622,0.0,10.0,10.0,0.0,0.0,0.0,3436.062,1.0
2024-07-17 16:00:00,33972.104,0.0,10.0,10.0,0.0,0.0,0.0,3397.21,1.0
2024-07-17 17:00:00,34111.124,0.0,10.0,10.0,0.0,0.0,0.0,3411.112,1.0
2024-07-17 18:00:00,34184.998,0.0,10.0,10.0,0.0,0.0,0.0,3418.5,1.0
2024-07-17 19:00:00,34214.072,0.0,10.0,10.0,0.0,0.0,0.0,3421.407,1.0
2024-07-17 20:00:00,34174.019,0.0,10.0,10.0,0.0,0.0,0.0,3417.402,1.0
2024-07-17 21:00:00,34159.457,0.0,10.0,10.0,0.0,0.0,0.0,3415.946,1.0
2024-07-17 22:00:00,33954.949,0.0,10.0,10.0,0.0,0.0,0.0,3395.495,1.0
2024-07-17 23:00:00,33903.435,0.0,10.0,10.0,0.0,0.0,0.0,3390.344,1.0
2024-07-18 00:00:00,34141.577,0.0,10.0,10.0,0.0,0.0,0.0,3414.158,1.0
2024-07-18 01:00:00,34228.312,0.0,10.0,10.0,0.0,0.0,0.0,3422.831,1.0
2024-07-18 02:00:00,34223.246,0.0,10.0,10.0,0.0,0.0,0.0,3422.325,1.0
2024-07-18 03:00:00,34246.996,0.0,10.0,10.0,0.0,0.0,0.0,3424.7,1.0
2024-07-18 04:00:00,34184.812,0.0,10.0,10.0,0.0,0.0,0.0,3418.481,1.0
2024-07-18 05:00:00,34251.614,0.0,10.0,10.0,0.0,0.0,0.0,3425.161,1.0
2024-07-18 06:00:00,34521.351,0.0,10.0,10.0,0.0,0.0,0.0,3452.135,1.0
2024-07-18 07:00:00,34374.7,0.0,10.0,10.0,0.0,0.0,0.0,3437.47,1.0
2024-07-18 08:00:00,34545.7,0.0,10.0,10.0,0.0,0.0,0.0,3454.57,1.0
2024-07-18 09:00:00,34511.4,0.0,10.0,10.0,0.0,0.0,0.0,3451.14,1.0
2024-07-18 10:00:00,34451.8,0.0,10.0,10.0,0.0,0.0,0.0,3445.18,1.0
2024-07-18 11:00:00,34561.3,0.0,10.0,10.0,0.0,0.0,0.0,3456.13,1.0
2024-07-18 12:00:00,34701.1,0.0,10.0,10.0,0.0,0.0,0.0,3470.11,1.0
2024-07-18 13:00:00,34676.2,0.0,10.0,10.0,0.0,0.0,0.0,3467.62,1.0
2024-07-18 14:00:00,34351.7,0.0,10.0,10.0,0.0,0.0,0.0,3435.17,1.0
2024-07-18 15:00:00,33873.0,0.0,10.0,10.0,0.0,0.0,0.0,3387.3,1.0
2024-07-18 16:00:00,34181.7,0.0,10.0,10.0,0.0,0.0,0.0,3418.17,1.0
2024-07-18 17:00:00,34010.8,0.0,10.0,10.0,0.0,0.0,0.0,3401.08,1.0
2024-07-18 18:00:00,34069.5,0.0,10.0,10.0,0.0,0.0,0.0,3406.95,1.0
2024-07-18 19:00:00,34070.8,0.0,10.0,10.0,0.0,0.0,0.0,3407.08,1.0
2024-07-18 20:00:00,34140.8,0.0,10.0,10.0,0.0,0.0,0.0,3414.08,1.0
2024-07-18 21:00:00,34225.1,0.0,10.0,10.0,0.0,0.0,0.0,3422.51,1.0
2024-07-18 22:00:00,34299.9,0.0,10.0,10.0,0.0,0.0,0.0,3429.99,1.0
2024-07-18 23:00:00,34273.8,0.0,10.0,10.0,0.0,0.0,0.0,3427.38,1.0
2024-07-19 00:00:00,34048.1,0.0,10.0,10.0,0.0,0.0,0.0,3404.81,1.0
2024-07-19 01:00:00,34128.1,0.0,10.0,10.0,0.0,0.0,0.0,3412.81,1.0
2024-07-19 02:00:00,34070.5,0.0,10.0,10.0,0.0,0.0,0.0,3407.05,1.0
2024-07-19 03:00:00,34282.0,0.0,10.0,10.0,0.0,0.0,0.0,3428.2,1.0
2024-07-19 04:00:00,34252.3,0.0,10.0,10.0,0.0,0.0,0.0,3425.23,1.0
2024-07-19 05:00:00,34237.8,0.0,10.0,10.0,0.0,0.0,0.0,3423.78,1.0
2024-07-19 06:00:00,34414.3,0.0,10.0,10.0,0.0,0.0,0.0,3441.43,1.0
2024-07-19 07:00:00,34031.6,0.0,10.0,10.0,0.0,0.0,0.0,3403.16,1.0
2024-07-19 08:00:00,33945.294,0.0,10.0,10.0,0.0,0.0,0.0,3394.529,1.0
2024-07-19 09:00:00,33879.346,0.0,10.0,10.0,0.0,0.0,0.0,3387.935,1.0
2024-07-19 10:00:00,34011.532,0.0,10.0,10.0,0.0,0.0,0.0,3401.153,1.0
2024-07-19 11:00:00,34012.461,0.0,10.0,10.0,0.0,0.0,0.0,3401.246,1.0
2024-07-19 12:00:00,34146.676,0.0,10.0,10.0,0.0,0.0,0.0,3414.668,1.0
2024-07-19 13:00:00,34459.646,0.0,10.0,10.0,0.0,0.0,0.0,3445.965,1.0
2024-07-19 14:00:00,34680.846,0.0,10.0,10.0,0.0,0.0,0.0,3468.085,1.0
2024-07-19 15:00:00,34650.75,0.0,10.0,10.0,0.0,0.0,0.0,3465.075,1.0
2024-07-19 16:00:00,34911.344,0.0,10.0,10.0,0.0,0.0,0.0,3491.134,1.0
2024-07-19 17:00:00,35031.226,0.0,10.0,10.0,0.0,0.0,0.0,3503.123,1.0
2024-07-19 18:00:00,35040.398,0.0,10.0,10.0,0.0,0.0,0.0,3504.04,1.0
2024-07-19 19:00:00,35230.69,0.0,10.0,10.0,0.0,0.0,0.0,3523.069,1.0
2024-07-19 20:00:00,35110.041,0.0,10.0,10.0,0.0,0.0,0.0,3511.004,1.0
2024-07-19 21:00:00,35159.592,0.0,10.0,10.0,0.0,0.0,0.0,3515.959,1.0
2024-07-19 22:00:00,35106.186,0.0,10.0,10.0,0.0,0.0,0.0,3510.619,1.0
2024-07-19 23:00:00,35067.553,0.0,10.0,10.0,0.0,0.0,0.0,3506.755,1.0
2024-07-20 00:00:00,34915.976,0.0,10.0,10.0,0.0,0.0,0.0,3491.598,1.0
2024-07-20 01:00:00,34854.86,0.0,10.0,10.0,0.0,0.0,0.0,3485.486,1.0
2024-07-20 02:00:00,34972.658,0.0,10.0,10.0,0.0,0.0,0.0,3497.266,1.0
2024-07-20 03:00:00,34967.522,0.0,10.0,10.0,0.0,0.0,0.0,3496.752,1.0
2024-07-20 04:00:00,35085.899,0.0,10.0,10.0,0.0,0.0,0.0,3508.59,1.0
2024-07-20 05:00:00,35042.665,0.0,10.0,10.0,0.0,0.0,0.0,3504.266,1.0
2024-07-20 06:00:00,35034.414,0.0,10.0,10.0,0.0,0.0,0.0,3503.441,1.0
2024-07-20 07:00:00,34964.9,0.0,10.0,10.0,0.0,0.0,0.0,3496.49,1.0
2024-07-20 08:00:00,34888.572,0.0,10.0,10.0,0.0,0.0,0.0,3488.857,1.0
2024-07-20 09:00:00,34888.325,0.0,10.0,10.0,0.0,0.0,0.0,3488.832,1.0
2024-07-20 10:00:00,34904.434,0.0,10.0,10.0,0.0,0.0,0.0,3490.443,1.0
2024-07-20 11:00:00,34869.287,0.0,10.0,10.0,0.0,0.0,0.0,3486.929,1.0
2024-07-20 12:00:00,34953.925,0.0,10.0,10.0,0.0,0.0,0.0,3495.392,1.0
2024-07-20 13:00:00,34913.001,0.0,10.0,10.0,0.0,0.0,0.0,3491.3,1.0
2024-07-20 14:00:00,34976.303,0.0,10.0,10.0,0.0,0.0,0.0,3497.63,1.0
2024-07-20 15:00:00,35016.225,0.0,10.0,10.0,0.0,0.0,0.0,3501.622,1.0
2024-07-20 16:00:00,34997.117,0.0,10.0,10.0,0.0,0.0,0.0,3499.712,1.0
2024-07-20 17:00:00,35308.086,0.0,10.0,10.0,0.0,0.0,0.0,3530.809,1.0
2024-07-20 18:00:00,35362.292,0.0,10.0,10.0,0.0,0.0,0.0,3536.229,1.0
2024-07-20 19:00:00,35129.435,0.0,10.0,10.0,0.0,0.0,0.0,3512.944,1.0
2024-07-20 20:00:00,35251.94,0.0,10.0,10.0,0.0,0.0,0.0,3525.194,1.0
2024-07-20 21:00:00,35162.79,0.0,10.0,10.0,0.0,0.0,0.0,3516.279,1.0
2024-07-20 22:00:00,35112.946,0.0,10.0,10.0,0.0,0.0,0.0,3511.295,1.0
2024-07-20 23:00:00,35222.577,0.0,10.0,10.0,0.0,0.0,0.0,3522.258,1.0
